,BeCertain_F1,BeCertain_accuracy,BeCertain_fn,BeCertain_fp,BeCertain_tn,BeCertain_tp,Knopinion_F1,Knopinion_accuracy,Knopinion_fn,Knopinion_fp,Knopinion_tn,Knopinion_tp,Know_F1,Know_accuracy,Know_fn,Know_fp,Know_tn,Know_tp,Wondows_F1,Wondows_accuracy,Wondows_fn,Wondows_fp,Wondows_tn,Wondows_tp,global_step,loss,total_accuracy
0,0.130307793617,0.516125023365,3710.0,161.0,3839.0,290.0,0.110684432089,0.507875025272,3755.0,182.0,3818.0,245.0,0.0961140543222,0.508624970913,3791.0,140.0,3860.0,209.0,0.0603226535022,0.497624993324,3871.0,148.0,3852.0,129.0,0,0.797088086605,0.50756251812
1,0.590810775757,0.598124980927,1679.0,1536.0,2464.0,2321.0,0.579331159592,0.581749975681,1696.0,1650.0,2350.0,2304.0,0.56299161911,0.576375007629,1817.0,1572.0,2428.0,2183.0,0.480990260839,0.559750020504,2368.0,1154.0,2846.0,1632.0,50,0.673631072044,0.578999996185
2,0.708329200745,0.631874978542,424.0,2521.0,1479.0,3576.0,0.692383468151,0.60925000906,482.0,2644.0,1356.0,3518.0,0.713070333004,0.629000008106,312.0,2656.0,1344.0,3688.0,0.674031972885,0.627499997616,919.0,2061.0,1939.0,3081.0,100,0.641574084759,0.624406278133
3,0.75,0.746249973774,955.0,1075.0,2925.0,3045.0,0.717918276787,0.70324999094,979.0,1395.0,2605.0,3021.0,0.728619217873,0.716000020504,950.0,1322.0,2678.0,3050.0,0.574157416821,0.609875023365,1896.0,1225.0,2775.0,2104.0,150,0.572415053844,0.693843722343
4,0.770897865295,0.759500026703,763.0,1161.0,2839.0,3237.0,0.740362346172,0.73312497139,956.0,1179.0,2821.0,3044.0,0.751482129097,0.737999975681,831.0,1265.0,2735.0,3169.0,0.590002655983,0.614499986172,1781.0,1303.0,2697.0,2219.0,200,0.565306067467,0.711281239986
5,0.776652216911,0.768499970436,780.0,1072.0,2928.0,3220.0,0.742422401905,0.733375012875,926.0,1207.0,2793.0,3074.0,0.75968080759,0.744000017643,763.0,1285.0,2715.0,3237.0,0.581275463104,0.614250004292,1858.0,1228.0,2772.0,2142.0,250,0.54525244236,0.715031266212
6,0.784935534,0.782999992371,832.0,904.0,3096.0,3168.0,0.749082922935,0.743499994278,937.0,1115.0,2885.0,3063.0,0.762298047543,0.755375027657,862.0,1095.0,2905.0,3138.0,0.58218896389,0.615875005722,1859.0,1214.0,2786.0,2141.0,300,0.530864477158,0.724437475204
7,0.796127974987,0.784124970436,628.0,1099.0,2901.0,3372.0,0.753680288792,0.734375,749.0,1376.0,2624.0,3251.0,0.776445686817,0.762250006199,697.0,1205.0,2795.0,3303.0,0.596763789654,0.61062502861,1695.0,1420.0,2580.0,2305.0,350,0.528881728649,0.722843766212
8,0.812904894352,0.819500029087,863.0,581.0,3419.0,3137.0,0.760005295277,0.774375021458,1142.0,663.0,3337.0,2858.0,0.777330100536,0.785875022411,1010.0,703.0,3297.0,2990.0,0.489487498999,0.611500024796,2510.0,598.0,3402.0,1490.0,400,0.499514818192,0.747812509537
9,0.819176375866,0.816124975681,668.0,803.0,3197.0,3332.0,0.767684340477,0.76599997282,907.0,965.0,3035.0,3093.0,0.788313925266,0.786249995232,816.0,894.0,3106.0,3184.0,0.522698998451,0.616249978542,2319.0,751.0,3249.0,1681.0,450,0.498028695583,0.746156275272
10,0.821100354195,0.822374999523,739.0,682.0,3318.0,3261.0,0.770266830921,0.773999989033,969.0,839.0,3161.0,3031.0,0.793558955193,0.794875025749,846.0,795.0,3205.0,3154.0,0.685393214226,0.699000000954,1377.0,1031.0,2969.0,2623.0,500,0.4742012918,0.772562503815
11,0.768641352654,0.803749978542,1392.0,178.0,3822.0,2608.0,0.712674438953,0.758000016212,1599.0,337.0,3663.0,2401.0,0.707873702049,0.758374989033,1658.0,275.0,3725.0,2342.0,0.682785868645,0.698249995708,1402.0,1012.0,2988.0,2598.0,550,0.487233787775,0.754593729973
12,0.825060844421,0.820249974728,609.0,829.0,3171.0,3391.0,0.774452567101,0.768249988556,817.0,1037.0,2963.0,3183.0,0.799466848373,0.793124973774,701.0,954.0,3046.0,3299.0,0.622184455395,0.666625022888,1804.0,863.0,3137.0,2196.0,600,0.48361235857,0.762062489986
13,0.828078091145,0.82824999094,691.0,683.0,3317.0,3309.0,0.776921153069,0.775749981403,876.0,918.0,3082.0,3124.0,0.79812091589,0.795875012875,772.0,861.0,3139.0,3228.0,0.697264373302,0.708124995232,1311.0,1024.0,2976.0,2689.0,650,0.459469079971,0.777000010014
14,0.817374169827,0.791875004768,274.0,1391.0,2609.0,3726.0,0.765758931637,0.730125010014,471.0,1688.0,2312.0,3529.0,0.803215384483,0.770500004292,253.0,1583.0,2417.0,3747.0,0.768014669418,0.713874995708,211.0,2078.0,1922.0,3789.0,700,0.514806687832,0.751593768597
15,0.823293745518,0.834625005722,918.0,405.0,3595.0,3082.0,0.767909824848,0.783749997616,1138.0,592.0,3408.0,2862.0,0.782736897469,0.797375023365,1080.0,541.0,3459.0,2920.0,0.786206901073,0.775250017643,694.0,1104.0,2896.0,3306.0,750,0.437272042036,0.797749996185
16,0.836462557316,0.842124998569,770.0,493.0,3507.0,3230.0,0.782765269279,0.788874983788,957.0,732.0,3268.0,3043.0,0.806168019772,0.809875011444,837.0,684.0,3316.0,3163.0,0.766675055027,0.768249988556,954.0,900.0,3100.0,3046.0,800,0.426841884851,0.80228126049
17,0.841267824173,0.842875003815,669.0,588.0,3412.0,3331.0,0.782933235168,0.781875014305,853.0,892.0,3108.0,3147.0,0.809060633183,0.813499987125,839.0,653.0,3347.0,3161.0,0.670291960239,0.712000012398,1658.0,646.0,3354.0,2342.0,850,0.433143258095,0.78756248951
18,0.810743451118,0.829124987125,1072.0,295.0,3705.0,2928.0,0.761144757271,0.782999992371,1234.0,502.0,3498.0,2766.0,0.775048792362,0.798500001431,1223.0,389.0,3611.0,2777.0,0.76930975914,0.775250017643,1002.0,796.0,3204.0,2998.0,900,0.426876217127,0.796468734741
19,0.836020469666,0.84362500906,811.0,440.0,3560.0,3189.0,0.775289833546,0.786750018597,1057.0,649.0,3351.0,2943.0,0.806195497513,0.81387501955,903.0,586.0,3414.0,3097.0,0.777365863323,0.774749994278,854.0,948.0,3052.0,3146.0,950,0.412022083998,0.804750025272
20,0.834635198116,0.84387499094,848.0,401.0,3599.0,3152.0,0.772411942482,0.786750018597,1105.0,601.0,3399.0,2895.0,0.812282264233,0.818125009537,852.0,603.0,3397.0,3148.0,0.814687311649,0.79812502861,450.0,1165.0,2835.0,3550.0,1000,0.414391964674,0.811718761921
21,0.845141649246,0.854375004768,821.0,344.0,3656.0,3179.0,0.76952278614,0.787500023842,1162.0,538.0,3462.0,2838.0,0.804708361626,0.817499995232,992.0,468.0,3532.0,3008.0,0.666076183319,0.71724998951,1744.0,518.0,3482.0,2256.0,1050,0.412129282951,0.794156253338
22,0.833845674992,0.844624996185,881.0,362.0,3638.0,3119.0,0.770797014236,0.786125004292,1123.0,588.0,3412.0,2877.0,0.783862471581,0.805124998093,1173.0,386.0,3614.0,2827.0,0.665852189064,0.726499974728,1820.0,368.0,3632.0,2180.0,1100,0.418321162462,0.790593743324
23,0.855242848396,0.847625017166,399.0,820.0,3180.0,3601.0,0.788665294647,0.778124988079,688.0,1087.0,2913.0,3312.0,0.837565839291,0.830500006676,504.0,852.0,3148.0,3496.0,0.797353506088,0.793250024319,746.0,908.0,3092.0,3254.0,1150,0.409958064556,0.81237500906
24,0.820229232311,0.833374977112,959.0,374.0,3626.0,3041.0,0.753294050694,0.77999997139,1313.0,447.0,3553.0,2687.0,0.790913939476,0.803250014782,1023.0,551.0,3449.0,2977.0,0.812362015247,0.787500023842,320.0,1380.0,2620.0,3680.0,1200,0.424384593964,0.80103123188
25,0.840462088585,0.837750017643,581.0,717.0,3283.0,3419.0,0.785596132278,0.789375007153,913.0,772.0,3228.0,3087.0,0.815185010433,0.805875003338,575.0,978.0,3022.0,3425.0,0.812143445015,0.781875014305,228.0,1517.0,2483.0,3772.0,1250,0.426161020994,0.803718745708
26,0.863663971424,0.85962498188,443.0,680.0,3320.0,3557.0,0.790580332279,0.782124996185,710.0,1033.0,2967.0,3290.0,0.853513717651,0.845749974251,405.0,829.0,3171.0,3595.0,0.830054104328,0.815374970436,393.0,1084.0,2916.0,3607.0,1300,0.391201704741,0.82571876049
27,0.860978901386,0.857625007629,473.0,666.0,3334.0,3527.0,0.781059443951,0.771125018597,734.0,1097.0,2903.0,3266.0,0.848029136658,0.84337502718,504.0,749.0,3251.0,3496.0,0.823850154877,0.814249992371,525.0,961.0,3039.0,3475.0,1350,0.388779580593,0.821593761444
28,0.857478141785,0.863375008106,712.0,381.0,3619.0,3288.0,0.785309970379,0.796124994755,1017.0,614.0,3386.0,2983.0,0.836018681526,0.84224998951,783.0,479.0,3521.0,3217.0,0.808734893799,0.809499979019,778.0,746.0,3254.0,3222.0,1400,0.372724562883,0.827812492847
29,0.85193926096,0.858749985695,749.0,381.0,3619.0,3251.0,0.773569762707,0.789250016212,1120.0,566.0,3434.0,2880.0,0.831297159195,0.837750017643,802.0,496.0,3504.0,3198.0,0.812393307686,0.807749986649,670.0,868.0,3132.0,3330.0,1450,0.377885729074,0.823374986649
30,0.865413427353,0.854125022888,248.0,919.0,3081.0,3752.0,0.774878323078,0.745500028133,496.0,1540.0,2460.0,3504.0,0.856745481491,0.845499992371,304.0,932.0,3068.0,3696.0,0.803352534771,0.803499996662,789.0,783.0,3217.0,3211.0,1500,0.401726692915,0.812156260014
31,0.839897096157,0.852124989033,897.0,286.0,3714.0,3103.0,0.765524983406,0.789499998093,1251.0,433.0,3567.0,2749.0,0.816688716412,0.827000021935,917.0,467.0,3533.0,3083.0,0.827496409416,0.817749977112,503.0,955.0,3045.0,3497.0,1550,0.388453930616,0.821593761444
32,0.854119837284,0.862124979496,771.0,332.0,3668.0,3229.0,0.774588465691,0.792874991894,1153.0,504.0,3496.0,2847.0,0.831141769886,0.837875008583,808.0,489.0,3511.0,3192.0,0.842429757118,0.827499985695,311.0,1069.0,2931.0,3689.0,1600,0.373476147652,0.830093741417
33,0.878156363964,0.875750005245,418.0,576.0,3424.0,3582.0,0.776324987411,0.760500013828,675.0,1241.0,2759.0,3325.0,0.859078228474,0.854375004768,449.0,716.0,3284.0,3551.0,0.826715648174,0.823249995708,627.0,787.0,3213.0,3373.0,1650,0.371151268482,0.828468739986
34,0.880050420761,0.880874991417,504.0,449.0,3551.0,3496.0,0.793871819973,0.79650002718,865.0,763.0,3237.0,3135.0,0.86519753933,0.863125026226,486.0,609.0,3391.0,3514.0,0.85366410017,0.840749979019,284.0,990.0,3010.0,3716.0,1700,0.361341863871,0.845312476158
35,0.865059316158,0.873374998569,753.0,260.0,3740.0,3247.0,0.774193584919,0.791750013828,1144.0,522.0,3478.0,2856.0,0.846083164215,0.853375017643,776.0,397.0,3603.0,3224.0,0.856976687908,0.846249997616,315.0,915.0,3085.0,3685.0,1750,0.364255309105,0.841187477112
36,0.878719091415,0.873125016689,323.0,692.0,3308.0,3677.0,0.797874808311,0.786000013351,621.0,1091.0,2909.0,3379.0,0.86804074049,0.86075001955,336.0,778.0,3222.0,3664.0,0.816904842854,0.814249992371,685.0,801.0,3199.0,3315.0,1800,0.36767706275,0.83353126049
37,0.877339839935,0.868125021458,227.0,828.0,3172.0,3773.0,0.804143428802,0.794375002384,623.0,1022.0,2978.0,3377.0,0.86794167757,0.855000019073,188.0,972.0,3028.0,3812.0,0.845947384834,0.820625007153,60.0,1375.0,2625.0,3940.0,1850,0.383063584566,0.834531247616
38,0.876712322235,0.880750000477,608.0,346.0,3654.0,3392.0,0.782734572887,0.793624997139,1026.0,625.0,3375.0,2974.0,0.856334447861,0.860374987125,671.0,446.0,3554.0,3329.0,0.851282060146,0.84412497282,431.0,816.0,3184.0,3569.0,1900,0.345166653395,0.844718754292
39,0.868875861168,0.873875021935,657.0,352.0,3648.0,3343.0,0.790818929672,0.799499988556,968.0,636.0,3364.0,3032.0,0.855906248093,0.858500003815,638.0,494.0,3506.0,3362.0,0.858505904675,0.847999989986,311.0,905.0,3095.0,3689.0,1950,0.348282128572,0.844968736172
40,0.886848628521,0.885999977589,426.0,486.0,3514.0,3574.0,0.804805517197,0.81112498045,885.0,626.0,3374.0,3115.0,0.873470366001,0.870750010014,431.0,603.0,3397.0,3569.0,0.822134315968,0.825625002384,776.0,619.0,3381.0,3224.0,2000,0.346829652786,0.848375022411
41,0.893633067608,0.894124984741,442.0,405.0,3595.0,3558.0,0.792907059193,0.800000011921,937.0,663.0,3337.0,3063.0,0.880829036236,0.879249989986,430.0,536.0,3464.0,3570.0,0.873099923134,0.862249970436,209.0,893.0,3107.0,3791.0,2050,0.339412897825,0.858906269073
42,0.889885425568,0.889500021935,428.0,456.0,3544.0,3572.0,0.797282278538,0.794875025749,773.0,868.0,3132.0,3227.0,0.879462063313,0.876749992371,403.0,583.0,3417.0,3597.0,0.872051954269,0.85962498188,173.0,950.0,3050.0,3827.0,2100,0.340278148651,0.855187475681
43,0.889131486416,0.885749995708,335.0,579.0,3421.0,3665.0,0.778011202812,0.762250006199,667.0,1235.0,2765.0,3333.0,0.878389775753,0.873875021935,356.0,653.0,3347.0,3644.0,0.854067564011,0.854250013828,588.0,578.0,3422.0,3412.0,2150,0.338873237371,0.844031274319
44,0.899202346802,0.895749986172,280.0,554.0,3446.0,3720.0,0.804847955704,0.802749991417,746.0,832.0,3168.0,3254.0,0.888624429703,0.883000016212,266.0,670.0,3330.0,3734.0,0.860241293907,0.856625020504,470.0,677.0,3323.0,3530.0,2200,0.333115905523,0.859531223774
45,0.892415344715,0.892374992371,429.0,432.0,3568.0,3571.0,0.804540336132,0.804125010967,775.0,792.0,3208.0,3225.0,0.882570147514,0.880750000477,415.0,539.0,3461.0,3585.0,0.872710227966,0.864499986172,284.0,800.0,3200.0,3716.0,2250,0.322382301092,0.860437512398
46,0.887002825737,0.888499975204,499.0,393.0,3607.0,3501.0,0.799947142601,0.810750007629,973.0,541.0,3459.0,3027.0,0.871456980705,0.870750010014,495.0,539.0,3461.0,3505.0,0.869133591652,0.855000019073,148.0,1012.0,2988.0,3852.0,2300,0.344007998705,0.856249988079
47,0.866918087006,0.87650001049,782.0,206.0,3794.0,3218.0,0.763169169426,0.792625010014,1327.0,332.0,3668.0,2673.0,0.845236480236,0.855624973774,846.0,309.0,3691.0,3154.0,0.865752100945,0.862999975681,466.0,630.0,3370.0,3534.0,2350,0.337481319904,0.846937477589
48,0.883211672306,0.888000011444,612.0,284.0,3716.0,3388.0,0.79805034399,0.808375000954,971.0,562.0,3438.0,3029.0,0.857991993427,0.862625002861,680.0,419.0,3581.0,3320.0,0.848895132542,0.852124989033,677.0,506.0,3494.0,3323.0,2400,0.325881034136,0.852781236172
49,0.897984325886,0.896250009537,347.0,483.0,3517.0,3653.0,0.813063621521,0.808250010014,664.0,870.0,3130.0,3336.0,0.889343738556,0.885124981403,307.0,612.0,3388.0,3693.0,0.878993034363,0.872624993324,299.0,720.0,3280.0,3701.0,2450,0.318505972624,0.865562498569
50,0.898088395596,0.895375013351,312.0,525.0,3475.0,3688.0,0.803999006748,0.801500022411,743.0,845.0,3155.0,3257.0,0.889978528023,0.884999990463,279.0,641.0,3359.0,3721.0,0.879654824734,0.867500007153,126.0,934.0,3066.0,3874.0,2500,0.318380087614,0.862343728542
51,0.900266110897,0.901624977589,448.0,339.0,3661.0,3552.0,0.809892177582,0.81262499094,807.0,692.0,3308.0,3193.0,0.887974083424,0.887750029564,441.0,457.0,3543.0,3559.0,0.874646365643,0.872624993324,445.0,574.0,3426.0,3555.0,2550,0.308253794909,0.868656277657
52,0.885366082191,0.890625,621.0,254.0,3746.0,3379.0,0.795592725277,0.79825001955,859.0,755.0,3245.0,3141.0,0.865259289742,0.870750010014,680.0,354.0,3646.0,3320.0,0.817578315735,0.82824999094,921.0,453.0,3547.0,3079.0,2600,0.335298657417,0.846968770027
53,0.90115404129,0.901499986649,408.0,380.0,3620.0,3592.0,0.796696007252,0.809249997139,1010.0,516.0,3484.0,2990.0,0.891675949097,0.889874994755,374.0,507.0,3493.0,3626.0,0.884499847889,0.875,171.0,829.0,3171.0,3829.0,2650,0.309175282717,0.868906259537
54,0.878779828548,0.885749995708,687.0,227.0,3773.0,3313.0,0.792024314404,0.803125023842,1001.0,574.0,3426.0,2999.0,0.856346964836,0.864624977112,772.0,311.0,3689.0,3228.0,0.8660826087,0.866249978542,540.0,530.0,3470.0,3460.0,2700,0.324597597122,0.854937493801
55,0.904326319695,0.903249979019,342.0,432.0,3568.0,3658.0,0.803325533867,0.810750007629,908.0,606.0,3394.0,3092.0,0.895500719547,0.89200001955,298.0,566.0,3434.0,3702.0,0.890186667442,0.880124986172,113.0,846.0,3154.0,3887.0,2750,0.304522454739,0.871531248093
56,0.896098911762,0.899124979973,520.0,287.0,3713.0,3480.0,0.79320704937,0.802124977112,964.0,619.0,3381.0,3036.0,0.889765739441,0.891749978065,505.0,361.0,3639.0,3495.0,0.875280022621,0.87475001812,484.0,518.0,3482.0,3516.0,2800,0.303665280342,0.86693751812
57,0.889445245266,0.895124971867,625.0,214.0,3786.0,3375.0,0.77592498064,0.785000026226,1022.0,698.0,3302.0,2978.0,0.873220920563,0.879750013351,687.0,275.0,3725.0,3313.0,0.888970136642,0.886125028133,353.0,558.0,3442.0,3647.0,2850,0.306184381247,0.861500024796
58,0.915531933308,0.912374973297,201.0,500.0,3500.0,3799.0,0.815961718559,0.817250013351,759.0,703.0,3297.0,3241.0,0.905198097229,0.900375008583,195.0,602.0,3398.0,3805.0,0.88703918457,0.881250023842,270.0,680.0,3320.0,3730.0,2900,0.291240751743,0.877812504768
59,0.898414731026,0.899874985218,458.0,343.0,3657.0,3542.0,0.788760006428,0.81112498045,1179.0,332.0,3668.0,2821.0,0.891394257545,0.891624987125,442.0,425.0,3575.0,3558.0,0.889530003071,0.885124981403,300.0,619.0,3381.0,3700.0,2950,0.298867672682,0.871937513351
60,0.906007766724,0.902999997139,260.0,516.0,3484.0,3740.0,0.782694876194,0.753250002861,445.0,1529.0,2471.0,3555.0,0.898728072643,0.894500017166,255.0,589.0,3411.0,3745.0,0.895732939243,0.88912498951,190.0,697.0,3303.0,3810.0,3000,0.298403829336,0.859968721867
61,0.903738379478,0.897000014782,132.0,692.0,3308.0,3868.0,0.823798060417,0.826375007629,753.0,636.0,3364.0,3247.0,0.894742906094,0.885625004768,111.0,804.0,3196.0,3889.0,0.880772650242,0.865750014782,33.0,1041.0,2959.0,3967.0,3050,0.310800611973,0.86868751049
62,0.909457743168,0.910250008106,394.0,324.0,3676.0,3606.0,0.813533425331,0.816749989986,802.0,664.0,3336.0,3198.0,0.895942211151,0.895500004292,401.0,435.0,3565.0,3599.0,0.876112937927,0.878250002861,556.0,418.0,3582.0,3444.0,3100,0.284056931734,0.875187516212
63,0.910109639168,0.905749976635,183.0,571.0,3429.0,3817.0,0.824699759483,0.819374978542,601.0,844.0,3156.0,3399.0,0.902991175652,0.896624982357,151.0,676.0,3324.0,3849.0,0.896984040737,0.891125023365,208.0,663.0,3337.0,3792.0,3150,0.289857059717,0.878218770027
64,0.916737139225,0.913874983788,207.0,482.0,3518.0,3793.0,0.821709096432,0.81274998188,548.0,950.0,3050.0,3452.0,0.904592812061,0.899249970913,179.0,627.0,3373.0,3821.0,0.894743263721,0.89212501049,332.0,531.0,3469.0,3668.0,3200,0.274271070957,0.879499971867
65,0.908208847046,0.910125017166,443.0,276.0,3724.0,3557.0,0.810397207737,0.820375025272,929.0,508.0,3492.0,3071.0,0.894058167934,0.895250022411,464.0,374.0,3626.0,3536.0,0.900806128979,0.893875002861,145.0,704.0,3296.0,3855.0,3250,0.271304190159,0.879906237125
66,0.917798042297,0.916750013828,282.0,384.0,3616.0,3718.0,0.824633538723,0.82950001955,793.0,571.0,3429.0,3207.0,0.907487869263,0.904250025749,243.0,523.0,3477.0,3757.0,0.757253229618,0.791875004768,1403.0,262.0,3738.0,2597.0,3300,0.3042730093,0.860593736172
67,0.879120826721,0.87625002861,400.0,590.0,3410.0,3600.0,0.826282680035,0.831125020981,787.0,564.0,3436.0,3213.0,0.876183509827,0.872500002384,391.0,629.0,3371.0,3609.0,0.878126740456,0.866625010967,156.0,911.0,3089.0,3844.0,3350,0.309661895037,0.861625015736
68,0.923189342022,0.921124994755,208.0,423.0,3577.0,3792.0,0.829946279526,0.837875008583,835.0,462.0,3538.0,3165.0,0.910394251347,0.90625,190.0,560.0,3440.0,3810.0,0.897488355637,0.893374979496,266.0,587.0,3413.0,3734.0,3400,0.259013473988,0.889656245708
69,0.911048591137,0.909124970436,277.0,450.0,3550.0,3723.0,0.828197240829,0.832750022411,775.0,563.0,3437.0,3225.0,0.909288525581,0.90612500906,236.0,515.0,3485.0,3764.0,0.904733777046,0.899124979973,168.0,639.0,3361.0,3832.0,3450,0.262785226107,0.886781275272
70,0.894771516323,0.900125026703,603.0,196.0,3804.0,3397.0,0.774494171143,0.806375026703,1340.0,209.0,3791.0,2660.0,0.883324563503,0.888750016689,631.0,259.0,3741.0,3369.0,0.893469929695,0.89212501049,381.0,482.0,3518.0,3619.0,3500,0.282826840878,0.871843755245
71,0.923417329788,0.92212498188,244.0,379.0,3621.0,3756.0,0.834670543671,0.842875003815,827.0,430.0,3570.0,3173.0,0.915883243084,0.913874983788,249.0,440.0,3560.0,3751.0,0.909474134445,0.903375029564,117.0,656.0,3344.0,3883.0,3550,0.245544731617,0.895562529564
72,0.916515886784,0.919250011444,454.0,192.0,3808.0,3546.0,0.831538379192,0.841624975204,873.0,394.0,3606.0,3127.0,0.902234256268,0.905375003815,507.0,250.0,3750.0,3493.0,0.903313875198,0.902625024319,361.0,418.0,3582.0,3639.0,3600,0.243102282286,0.892218768597
73,0.905101954937,0.908625006676,514.0,217.0,3783.0,3486.0,0.810810744762,0.827624976635,1045.0,334.0,3666.0,2955.0,0.895952224731,0.899749994278,547.0,255.0,3745.0,3453.0,0.906182825565,0.901750028133,204.0,582.0,3418.0,3796.0,3650,0.259022891521,0.884437501431
74,0.91371178627,0.910875022411,225.0,488.0,3512.0,3775.0,0.836423635483,0.838999986649,707.0,581.0,3419.0,3293.0,0.90756303072,0.903750002384,220.0,550.0,3450.0,3780.0,0.90917801857,0.905250012875,206.0,552.0,3448.0,3794.0,3700,0.256716907024,0.889718770981
75,0.924032151699,0.92199999094,205.0,419.0,3581.0,3795.0,0.859605967999,0.857500016689,510.0,630.0,3370.0,3490.0,0.915598511696,0.912750005722,214.0,484.0,3516.0,3786.0,0.912674069405,0.90750002861,133.0,607.0,3393.0,3867.0,3750,0.235911503434,0.89993751049
76,0.923169493675,0.920249998569,167.0,471.0,3529.0,3833.0,0.870666146278,0.863375008106,321.0,772.0,3228.0,3679.0,0.911845386028,0.90762501955,178.0,561.0,3439.0,3822.0,0.89617484808,0.895500004292,392.0,444.0,3556.0,3608.0,3800,0.242764279246,0.896687507629
77,0.918739616871,0.92037498951,399.0,238.0,3762.0,3601.0,0.870194673538,0.870000004768,514.0,526.0,3474.0,3486.0,0.914588093758,0.915250003338,370.0,308.0,3692.0,3630.0,0.912289261818,0.909624993801,240.0,483.0,3517.0,3760.0,3850,0.229297667742,0.903812527657
78,0.921745598316,0.920875012875,272.0,361.0,3639.0,3728.0,0.862827539444,0.861249983311,509.0,601.0,3399.0,3491.0,0.915150761604,0.913124978542,252.0,443.0,3557.0,3748.0,0.914916336536,0.910374999046,145.0,572.0,3428.0,3855.0,3900,0.228716760874,0.901406228542
79,0.92277944088,0.920125007629,182.0,457.0,3543.0,3818.0,0.875045776367,0.872125029564,418.0,605.0,3395.0,3582.0,0.914455652237,0.910125017166,157.0,562.0,3438.0,3843.0,0.910584568977,0.90612500906,176.0,575.0,3425.0,3824.0,3950,0.231762111187,0.902125000954
80,0.914594888687,0.917124986649,450.0,213.0,3787.0,3550.0,0.864816248417,0.868499994278,635.0,417.0,3583.0,3365.0,0.911671519279,0.912874996662,403.0,294.0,3706.0,3597.0,0.913950920105,0.911875009537,256.0,449.0,3551.0,3744.0,4000,0.230154633522,0.90259373188
81,0.91914254427,0.919375002384,334.0,311.0,3689.0,3666.0,0.873641014099,0.869249999523,384.0,662.0,3338.0,3616.0,0.913389742374,0.912999987602,330.0,366.0,3634.0,3670.0,0.913660407066,0.910250008106,201.0,517.0,3483.0,3799.0,4050,0.229681059718,0.902968764305
82,0.920919656754,0.92175000906,355.0,271.0,3729.0,3645.0,0.863300085068,0.868375003338,675.0,378.0,3622.0,3325.0,0.913265943527,0.913124978542,341.0,354.0,3646.0,3659.0,0.91350966692,0.909250020981,166.0,560.0,3440.0,3834.0,4100,0.223961055279,0.903124988079
83,0.927499711514,0.928125023842,322.0,253.0,3747.0,3678.0,0.873821079731,0.87625002861,572.0,418.0,3582.0,3428.0,0.915503501892,0.915250003338,327.0,351.0,3649.0,3673.0,0.91744685173,0.915125012398,227.0,452.0,3548.0,3773.0,4150,0.21628254652,0.908687472343
84,0.927142560482,0.926249980927,246.0,344.0,3656.0,3754.0,0.887035429478,0.884874999523,384.0,537.0,3463.0,3616.0,0.919576644897,0.917375028133,221.0,440.0,3560.0,3779.0,0.914637029171,0.911499977112,207.0,501.0,3499.0,3793.0,4200,0.213265180588,0.910000026226
85,0.925195395947,0.924624979496,271.0,332.0,3668.0,3729.0,0.884707033634,0.879000008106,286.0,682.0,3318.0,3714.0,0.920455932617,0.918874979019,245.0,404.0,3596.0,3755.0,0.92184650898,0.919375002384,196.0,449.0,3551.0,3804.0,4250,0.212159022689,0.910468757153
86,0.929388821125,0.927500009537,183.0,397.0,3603.0,3817.0,0.882876455784,0.878250002861,329.0,645.0,3355.0,3671.0,0.92406129837,0.921374976635,173.0,456.0,3544.0,3827.0,0.922800719738,0.919375002384,145.0,500.0,3500.0,3855.0,4300,0.211357936263,0.911625027657
87,0.933203399181,0.931500017643,172.0,376.0,3624.0,3828.0,0.883070766926,0.876625001431,273.0,714.0,3286.0,3727.0,0.925003051758,0.922874987125,195.0,422.0,3578.0,3805.0,0.913339138031,0.912374973297,306.0,395.0,3605.0,3694.0,4350,0.218205139041,0.910843729973
88,0.931952655315,0.930999994278,220.0,332.0,3668.0,3780.0,0.879960358143,0.879000008106,452.0,516.0,3484.0,3548.0,0.921337246895,0.920000016689,252.0,388.0,3612.0,3748.0,0.920542597771,0.917999982834,200.0,456.0,3544.0,3800.0,4400,0.204481914639,0.912000000477
89,0.932066857815,0.929374992847,124.0,441.0,3559.0,3876.0,0.887397766113,0.884625017643,363.0,560.0,3440.0,3637.0,0.919293224812,0.915499985218,150.0,526.0,3474.0,3850.0,0.921500921249,0.917625010014,132.0,527.0,3473.0,3868.0,4450,0.211453765631,0.911781251431
90,0.933611392975,0.932375013828,196.0,345.0,3655.0,3804.0,0.894037306309,0.891375005245,334.0,535.0,3465.0,3666.0,0.923696756363,0.921875,217.0,408.0,3592.0,3783.0,0.919513106346,0.914874970913,110.0,571.0,3429.0,3890.0,4500,0.205399379134,0.915125012398
91,0.933852136135,0.934125006199,280.0,247.0,3753.0,3720.0,0.879907608032,0.883000016212,571.0,365.0,3635.0,3429.0,0.923802375793,0.92325001955,278.0,336.0,3664.0,3722.0,0.920249640942,0.915374994278,94.0,583.0,3417.0,3906.0,4550,0.204134732485,0.91393750906
92,0.923957109451,0.920249998569,124.0,514.0,3486.0,3876.0,0.877325236797,0.873875021935,392.0,617.0,3383.0,3608.0,0.914184391499,0.909250020981,133.0,593.0,3407.0,3867.0,0.885130882263,0.885375022888,467.0,450.0,3550.0,3533.0,4600,0.242783010006,0.89718747139
93,0.931506812572,0.931874990463,294.0,251.0,3749.0,3706.0,0.896858751774,0.895749986172,374.0,460.0,3540.0,3626.0,0.924053788185,0.923749983311,289.0,321.0,3679.0,3711.0,0.922534346581,0.917625010014,76.0,583.0,3417.0,3924.0,4650,0.198266461492,0.917249977589
94,0.933953285217,0.930750012398,83.0,471.0,3529.0,3917.0,0.897669374943,0.89187502861,206.0,659.0,3341.0,3794.0,0.92516040802,0.921249985695,106.0,524.0,3476.0,3894.0,0.912747085094,0.905624985695,51.0,704.0,3296.0,3949.0,4700,0.207363978028,0.912374973297
95,0.928946375847,0.930625021458,372.0,183.0,3817.0,3628.0,0.885644197464,0.88937497139,573.0,312.0,3688.0,3427.0,0.924129188061,0.925125002861,352.0,247.0,3753.0,3648.0,0.928383231163,0.925249993801,124.0,474.0,3526.0,3876.0,4750,0.197626188397,0.91759377718
96,0.93531358242,0.934125006199,190.0,337.0,3663.0,3810.0,0.902383029461,0.899124979973,270.0,537.0,3463.0,3730.0,0.926758170128,0.924624979496,185.0,418.0,3582.0,3815.0,0.914617538452,0.913625001907,299.0,392.0,3608.0,3701.0,4800,0.196211025119,0.917874991894
97,0.930502951145,0.931249976158,318.0,232.0,3768.0,3682.0,0.896128892899,0.89200001955,273.0,591.0,3409.0,3727.0,0.922558128834,0.922500014305,307.0,313.0,3687.0,3693.0,0.92235571146,0.919250011444,163.0,483.0,3517.0,3837.0,4850,0.200163856149,0.916249990463
98,0.935383856297,0.934875011444,229.0,292.0,3708.0,3771.0,0.89806419611,0.896000027657,335.0,497.0,3503.0,3665.0,0.927546858788,0.926124989986,217.0,374.0,3626.0,3783.0,0.920305430889,0.916499972343,143.0,525.0,3475.0,3857.0,4900,0.194627404213,0.918375015259
99,0.92855399847,0.926999986172,205.0,379.0,3621.0,3795.0,0.881993710995,0.881624996662,461.0,486.0,3514.0,3539.0,0.922927796841,0.92049998045,192.0,444.0,3556.0,3808.0,0.9085252285,0.908124983311,350.0,385.0,3615.0,3650.0,4950,0.218296781182,0.909312486649
100,0.934523761272,0.934000015259,232.0,296.0,3704.0,3768.0,0.89621168375,0.89212501049,274.0,589.0,3411.0,3726.0,0.927936851978,0.926999986172,240.0,344.0,3656.0,3760.0,0.925957679749,0.924374997616,217.0,388.0,3612.0,3783.0,5000,0.193229213357,0.919375002384
101,0.928183376789,0.925625026226,155.0,440.0,3560.0,3845.0,0.903296172619,0.900250017643,273.0,525.0,3475.0,3727.0,0.920501172543,0.917500019073,179.0,481.0,3519.0,3821.0,0.916238069534,0.914499998093,259.0,425.0,3575.0,3741.0,5050,0.203438997269,0.914468765259
102,0.927019238472,0.927375018597,310.0,271.0,3729.0,3690.0,0.89823448658,0.896250009537,337.0,493.0,3507.0,3663.0,0.919658541679,0.920000016689,337.0,303.0,3697.0,3663.0,0.920564234257,0.919749975204,280.0,362.0,3638.0,3720.0,5100,0.202412709594,0.915843725204
103,0.934163928032,0.932624995708,176.0,363.0,3637.0,3824.0,0.907617866993,0.904500007629,247.0,517.0,3483.0,3753.0,0.927352488041,0.925499975681,196.0,400.0,3600.0,3804.0,0.922038793564,0.919125020504,174.0,473.0,3527.0,3826.0,5150,0.188810542226,0.920437514782
104,0.932355523109,0.933125019073,313.0,222.0,3778.0,3687.0,0.883726656437,0.881749987602,405.0,541.0,3459.0,3595.0,0.920414328575,0.921249985695,357.0,273.0,3727.0,3643.0,0.916141569614,0.913500010967,220.0,472.0,3528.0,3780.0,5200,0.202042847872,0.912406265736
105,0.930049479008,0.931124985218,337.0,214.0,3786.0,3663.0,0.896874248981,0.895250022411,356.0,482.0,3518.0,3644.0,0.921712636948,0.922749996185,362.0,256.0,3744.0,3638.0,0.924988090992,0.92150002718,128.0,500.0,3500.0,3872.0,5250,0.199168920517,0.917656242847
106,0.929588198662,0.930750012398,343.0,211.0,3789.0,3657.0,0.895174741745,0.897625029087,503.0,316.0,3684.0,3497.0,0.919837653637,0.921000003815,374.0,258.0,3742.0,3626.0,0.928614974022,0.926874995232,195.0,390.0,3610.0,3805.0,5300,0.193104058504,0.919062495232
107,0.9347640872,0.933125019073,167.0,368.0,3632.0,3833.0,0.89752393961,0.895500004292,339.0,497.0,3503.0,3661.0,0.931540071964,0.929374992847,156.0,409.0,3591.0,3844.0,0.921274244785,0.919375002384,226.0,419.0,3581.0,3774.0,5350,0.194284826517,0.91934376955
108,0.932538688183,0.933499991894,323.0,209.0,3791.0,3677.0,0.892507314682,0.894375026226,492.0,353.0,3647.0,3508.0,0.924788296223,0.925625026226,342.0,253.0,3747.0,3658.0,0.928145229816,0.927749991417,267.0,311.0,3689.0,3733.0,5400,0.187761470675,0.920312523842
109,0.94078785181,0.939499974251,155.0,329.0,3671.0,3845.0,0.911435127258,0.908124983311,218.0,517.0,3483.0,3782.0,0.931439697742,0.930000007153,196.0,364.0,3636.0,3804.0,0.92608332634,0.923874974251,185.0,424.0,3576.0,3815.0,5450,0.181643649936,0.925374984741
110,0.930875599384,0.932500004768,364.0,176.0,3824.0,3636.0,0.897493779659,0.897750020027,419.0,399.0,3601.0,3581.0,0.92537689209,0.926999986172,379.0,205.0,3795.0,3621.0,0.921878814697,0.919749975204,212.0,430.0,3570.0,3788.0,5500,0.191771119833,0.919250011444
111,0.94194483757,0.939999997616,106.0,374.0,3626.0,3894.0,0.900375068188,0.893750011921,159.0,691.0,3309.0,3841.0,0.9316188097,0.928875029087,124.0,445.0,3555.0,3876.0,0.928321897984,0.925625026226,147.0,448.0,3552.0,3853.0,5550,0.190185114741,0.922062516212
112,0.933982312679,0.933875024319,258.0,271.0,3729.0,3742.0,0.903304755688,0.901250004768,310.0,480.0,3520.0,3690.0,0.925439715385,0.924749970436,264.0,338.0,3662.0,3736.0,0.929137647152,0.926249980927,132.0,458.0,3542.0,3868.0,5600,0.184551015496,0.921531260014
113,0.936478197575,0.936375021935,248.0,261.0,3739.0,3752.0,0.896920979023,0.894124984741,315.0,532.0,3468.0,3685.0,0.926659166813,0.926374971867,279.0,310.0,3690.0,3721.0,0.92560338974,0.925249993801,280.0,318.0,3682.0,3720.0,5650,0.188439488411,0.920531272888
114,0.939610302448,0.93762499094,118.0,381.0,3619.0,3882.0,0.879646420479,0.867250025272,119.0,943.0,3057.0,3881.0,0.930568933487,0.927999973297,140.0,436.0,3564.0,3860.0,0.928501546383,0.926999986172,208.0,376.0,3624.0,3792.0,5700,0.203814283013,0.914968729019
115,0.938925683498,0.93774998188,172.0,326.0,3674.0,3828.0,0.908371269703,0.904500007629,213.0,551.0,3449.0,3787.0,0.928771495819,0.926874995232,186.0,399.0,3601.0,3814.0,0.927497565746,0.925249993801,175.0,423.0,3577.0,3825.0,5750,0.18598908186,0.923593759537
116,0.933783650398,0.931375026703,129.0,420.0,3580.0,3871.0,0.90155684948,0.894874989986,149.0,692.0,3308.0,3851.0,0.925050973892,0.921875,143.0,482.0,3518.0,3857.0,0.921782970428,0.918624997139,164.0,487.0,3513.0,3836.0,5800,0.199726507068,0.916687488556
117,0.940403938293,0.939875006676,205.0,276.0,3724.0,3795.0,0.909379959106,0.907374978065,282.0,459.0,3541.0,3718.0,0.926122963428,0.925374984741,258.0,339.0,3661.0,3742.0,0.928765118122,0.927749991417,232.0,346.0,3654.0,3768.0,5850,0.18064545095,0.925093770027
118,0.940319180489,0.940625011921,258.0,217.0,3783.0,3742.0,0.905802547932,0.90625,394.0,356.0,3644.0,3606.0,0.928706109524,0.929125010967,307.0,260.0,3740.0,3693.0,0.928833425045,0.927250027657,202.0,380.0,3620.0,3798.0,5900,0.177531912923,0.925812482834
119,0.940102458,0.940124988556,241.0,238.0,3762.0,3759.0,0.910599350929,0.909749984741,323.0,399.0,3601.0,3677.0,0.933882296085,0.933749973774,257.0,273.0,3727.0,3743.0,0.932908952236,0.931500017643,190.0,358.0,3642.0,3810.0,5950,0.169905170798,0.928781270981
120,0.936629533768,0.936874985695,268.0,237.0,3763.0,3732.0,0.905418515205,0.902249991894,257.0,525.0,3475.0,3743.0,0.931489765644,0.931249976158,261.0,289.0,3711.0,3739.0,0.929805755615,0.926374971867,99.0,490.0,3510.0,3901.0,6000,0.180214360356,0.924187481403
121,0.941838622093,0.941874980927,235.0,230.0,3770.0,3765.0,0.911623299122,0.910374999046,302.0,415.0,3585.0,3698.0,0.933200597763,0.932874977589,249.0,288.0,3712.0,3751.0,0.932926058769,0.931375026703,182.0,367.0,3633.0,3818.0,6050,0.168794259429,0.929125010967
122,0.941883325577,0.940750002861,159.0,315.0,3685.0,3841.0,0.913615643978,0.909749984741,182.0,540.0,3460.0,3818.0,0.93286126852,0.931249976158,179.0,371.0,3629.0,3821.0,0.929981589317,0.928624987602,208.0,363.0,3637.0,3792.0,6100,0.173889800906,0.927593767643
123,0.942716002464,0.941999971867,182.0,282.0,3718.0,3818.0,0.914689660072,0.911000013351,183.0,529.0,3471.0,3817.0,0.935491800308,0.934249997139,186.0,340.0,3660.0,3814.0,0.929725885391,0.926625013351,117.0,470.0,3530.0,3883.0,6150,0.171868771315,0.928468763828
124,0.942782759666,0.942375004292,202.0,259.0,3741.0,3798.0,0.912319600582,0.911125004292,301.0,410.0,3590.0,3699.0,0.935499787331,0.934499979019,200.0,324.0,3676.0,3800.0,0.9252358675,0.920750021935,77.0,557.0,3443.0,3923.0,6200,0.178294926882,0.927187502384
125,0.934814095497,0.932500004768,128.0,412.0,3588.0,3872.0,0.910541594028,0.90750002861,234.0,506.0,3494.0,3766.0,0.926509141922,0.922999978065,117.0,499.0,3501.0,3883.0,0.917641282082,0.915499985218,234.0,442.0,3558.0,3766.0,6250,0.198091521859,0.919624984264
126,0.940237104893,0.938250005245,114.0,380.0,3620.0,3886.0,0.912368714809,0.908249974251,179.0,555.0,3445.0,3821.0,0.927633106709,0.924250006676,116.0,490.0,3510.0,3884.0,0.929368972778,0.927250027657,171.0,411.0,3589.0,3829.0,6300,0.18235424161,0.924499988556
127,0.940998911858,0.941375017166,260.0,209.0,3791.0,3740.0,0.906555056572,0.907875001431,425.0,312.0,3688.0,3575.0,0.932203352451,0.931999981403,260.0,284.0,3716.0,3740.0,0.930881261826,0.930000007153,229.0,331.0,3669.0,3771.0,6350,0.169748693705,0.927812516689
128,0.946819067001,0.946500003338,190.0,238.0,3762.0,3810.0,0.905359745026,0.902000010014,250.0,534.0,3466.0,3750.0,0.935264289379,0.934625029564,222.0,301.0,3699.0,3778.0,0.927783966064,0.927124977112,255.0,328.0,3672.0,3745.0,6400,0.172675952315,0.927562475204
129,0.943842589855,0.943624973297,210.0,241.0,3759.0,3790.0,0.909377574921,0.90662497282,252.0,495.0,3505.0,3748.0,0.934771835804,0.934249997139,231.0,295.0,3705.0,3769.0,0.931382238865,0.930249989033,213.0,345.0,3655.0,3787.0,6450,0.172313988209,0.928687512875
130,0.938394367695,0.936500012875,131.0,377.0,3623.0,3869.0,0.908059895039,0.90474998951,237.0,525.0,3475.0,3763.0,0.930451571941,0.927999973297,147.0,429.0,3571.0,3853.0,0.927686214447,0.924875020981,145.0,456.0,3544.0,3855.0,6500,0.191676065326,0.923531234264
131,0.940451741219,0.938374996185,107.0,386.0,3614.0,3893.0,0.9129114151,0.910374999046,242.0,475.0,3525.0,3758.0,0.938289403915,0.935874998569,100.0,413.0,3587.0,3900.0,0.92699611187,0.922625005245,70.0,549.0,3451.0,3930.0,6550,0.176839753985,0.926812529564
132,0.944322347641,0.943000018597,133.0,323.0,3677.0,3867.0,0.91846549511,0.917375028133,277.0,384.0,3616.0,3723.0,0.936903893948,0.935500025749,169.0,347.0,3653.0,3831.0,0.92535841465,0.924499988556,256.0,348.0,3652.0,3744.0,6600,0.166388526559,0.930093765259
133,0.945046901703,0.943624973297,122.0,329.0,3671.0,3878.0,0.915388286114,0.911750018597,181.0,525.0,3475.0,3819.0,0.936779558659,0.934875011444,140.0,381.0,3619.0,3860.0,0.930294275284,0.927749991417,143.0,435.0,3565.0,3857.0,6650,0.169621855021,0.929499983788
134,0.945100903511,0.944249987602,161.0,285.0,3715.0,3839.0,0.921587824821,0.920000016689,239.0,401.0,3599.0,3761.0,0.937239527702,0.93599998951,177.0,335.0,3665.0,3823.0,0.931680083275,0.929750025272,168.0,394.0,3606.0,3832.0,6700,0.162532895803,0.932500004768
135,0.945392072201,0.944374978542,148.0,297.0,3703.0,3852.0,0.917254805565,0.915000021458,231.0,449.0,3551.0,3769.0,0.93763756752,0.93624997139,166.0,344.0,3656.0,3834.0,0.930500507355,0.927625000477,124.0,455.0,3545.0,3876.0,6750,0.16885972023,0.930812478065
136,0.945616006851,0.944875001907,166.0,275.0,3725.0,3834.0,0.917749941349,0.915374994278,223.0,454.0,3546.0,3777.0,0.935074448586,0.933499991894,169.0,363.0,3637.0,3831.0,0.92955327034,0.928250014782,213.0,361.0,3639.0,3787.0,6800,0.167370662093,0.930499970913
137,0.93873000145,0.938125014305,208.0,287.0,3713.0,3792.0,0.913769960403,0.911625027657,254.0,453.0,3547.0,3746.0,0.932074546814,0.930750012398,199.0,355.0,3645.0,3801.0,0.900504648685,0.903874993324,520.0,249.0,3751.0,3480.0,6850,0.186227947474,0.921093761921
138,0.944102466106,0.943250000477,166.0,288.0,3712.0,3834.0,0.920553922653,0.918250024319,211.0,443.0,3557.0,3789.0,0.936649978161,0.935374975204,178.0,339.0,3661.0,3822.0,0.920607089996,0.920875012875,330.0,303.0,3697.0,3670.0,6900,0.172177433968,0.92943751812
139,0.946388661861,0.945999979973,187.0,245.0,3755.0,3813.0,0.917861104012,0.917625010014,318.0,341.0,3659.0,3682.0,0.938033461571,0.93737500906,208.0,293.0,3707.0,3792.0,0.933317005634,0.931999981403,193.0,351.0,3649.0,3807.0,6950,0.156767293811,0.933250010014
140,0.944297790527,0.944625020027,245.0,198.0,3802.0,3755.0,0.909296810627,0.909874975681,386.0,335.0,3665.0,3614.0,0.936844706535,0.936749994755,247.0,259.0,3741.0,3753.0,0.936388015747,0.934750020504,158.0,364.0,3636.0,3842.0,7000,0.161831960082,0.931500017643
141,0.943858802319,0.942749977112,150.0,308.0,3692.0,3850.0,0.919263660908,0.916124999523,180.0,491.0,3509.0,3820.0,0.936500251293,0.934499979019,136.0,388.0,3612.0,3864.0,0.911431074142,0.913124978542,424.0,271.0,3729.0,3576.0,7050,0.174818962812,0.926625013351
142,0.941391944885,0.939999997616,145.0,335.0,3665.0,3855.0,0.913665473461,0.912500023842,296.0,404.0,3596.0,3704.0,0.933913290501,0.931625008583,135.0,412.0,3588.0,3865.0,0.925291657448,0.924749970436,272.0,330.0,3670.0,3728.0,7100,0.1744890064,0.927218735218
143,0.945591032505,0.945625007153,220.0,215.0,3785.0,3780.0,0.921721935272,0.921124994755,285.0,346.0,3654.0,3715.0,0.935544192791,0.935374975204,248.0,269.0,3731.0,3752.0,0.930965900421,0.930499970913,251.0,305.0,3695.0,3749.0,7150,0.157086908817,0.933156251907
144,0.945079505444,0.944750010967,197.0,245.0,3755.0,3803.0,0.92501527071,0.92337501049,219.0,394.0,3606.0,3781.0,0.940278291702,0.939374983311,182.0,303.0,3697.0,3818.0,0.935984432697,0.934000015259,140.0,388.0,3612.0,3860.0,7200,0.157520234585,0.935374975204
145,0.946724832058,0.946624994278,206.0,221.0,3779.0,3794.0,0.921747565269,0.919624984264,213.0,430.0,3570.0,3787.0,0.939164876938,0.938624978065,210.0,281.0,3719.0,3790.0,0.935320973396,0.934374988079,204.0,321.0,3679.0,3796.0,7250,0.159958422184,0.934812486172
146,0.940375626087,0.940874993801,270.0,203.0,3797.0,3730.0,0.914591670036,0.914250016212,327.0,359.0,3641.0,3673.0,0.933065891266,0.933250010014,278.0,256.0,3744.0,3722.0,0.933072805405,0.931500017643,180.0,368.0,3632.0,3820.0,7300,0.169129744172,0.929968774319
147,0.942182004452,0.942499995232,252.0,208.0,3792.0,3748.0,0.909645438194,0.911125004292,421.0,290.0,3710.0,3579.0,0.9390411973,0.939125001431,249.0,238.0,3762.0,3751.0,0.892728984356,0.899124979973,642.0,165.0,3835.0,3358.0,7350,0.176255822182,0.922968745232
148,0.946132957935,0.945500016212,171.0,265.0,3735.0,3829.0,0.9232660532,0.92199999094,246.0,378.0,3622.0,3754.0,0.942122101784,0.941500008106,191.0,277.0,3723.0,3809.0,0.933792114258,0.930249989033,65.0,493.0,3507.0,3935.0,7400,0.160840213299,0.934812486172
149,0.940368115902,0.939249992371,168.0,318.0,3682.0,3832.0,0.921446859837,0.919375002384,217.0,428.0,3572.0,3783.0,0.935952186584,0.934374988079,164.0,361.0,3639.0,3836.0,0.931760132313,0.929875016212,170.0,391.0,3609.0,3830.0,7450,0.170575320721,0.930718779564
150,0.946988582611,0.946749985218,195.0,231.0,3769.0,3805.0,0.922283649445,0.920875012875,244.0,389.0,3611.0,3756.0,0.939833760262,0.939374983311,212.0,273.0,3727.0,3788.0,0.932427406311,0.931625008583,226.0,321.0,3679.0,3774.0,7500,0.160847350955,0.934656262398
151,0.947472453117,0.946874976158,167.0,258.0,3742.0,3833.0,0.924024641514,0.921374976635,175.0,454.0,3546.0,3825.0,0.939921498299,0.93875002861,167.0,323.0,3677.0,3833.0,0.935746014118,0.934750020504,199.0,323.0,3677.0,3801.0,7550,0.158120110631,0.935437500477
152,0.941464602947,0.940249979496,156.0,322.0,3678.0,3844.0,0.916119754314,0.912124991417,161.0,542.0,3458.0,3839.0,0.934998810291,0.933000028133,145.0,391.0,3609.0,3855.0,0.923249721527,0.92312502861,301.0,314.0,3686.0,3699.0,7600,0.176322996616,0.927124977112
153,0.949063718319,0.949000000954,199.0,209.0,3791.0,3801.0,0.920329988003,0.919125020504,263.0,384.0,3616.0,3737.0,0.946060240269,0.945749998093,194.0,240.0,3760.0,3806.0,0.937438488007,0.936500012875,194.0,314.0,3686.0,3806.0,7650,0.151406824589,0.937593758106
154,0.949895858765,0.948875010014,123.0,286.0,3714.0,3877.0,0.922984480858,0.919875025749,159.0,482.0,3518.0,3841.0,0.938820362091,0.93737500906,156.0,345.0,3655.0,3844.0,0.931809723377,0.931375026703,249.0,300.0,3700.0,3751.0,7700,0.158790692687,0.934374988079
155,0.948045611382,0.946500003338,95.0,333.0,3667.0,3905.0,0.923538565636,0.92037498951,153.0,484.0,3516.0,3847.0,0.939140975475,0.93712502718,119.0,384.0,3616.0,3881.0,0.93388324976,0.931874990463,151.0,394.0,3606.0,3849.0,7750,0.159387335181,0.93396872282
156,0.944336473942,0.942749977112,115.0,343.0,3657.0,3885.0,0.918116569519,0.915875017643,227.0,446.0,3554.0,3773.0,0.937327086926,0.934875011444,104.0,417.0,3583.0,3896.0,0.923290371895,0.924000024796,341.0,267.0,3733.0,3659.0,7800,0.171690806746,0.929374992847
157,0.94317895174,0.943250000477,232.0,222.0,3778.0,3768.0,0.922536969185,0.922749996185,320.0,298.0,3702.0,3680.0,0.938421487808,0.93787497282,213.0,284.0,3716.0,3787.0,0.936702787876,0.934249997139,108.0,418.0,3582.0,3892.0,7850,0.158200860023,0.934531271458
158,0.94990080595,0.949500024319,170.0,234.0,3766.0,3830.0,0.927962481976,0.927124977112,245.0,338.0,3662.0,3755.0,0.943489611149,0.942875027657,185.0,272.0,3728.0,3815.0,0.938238561153,0.936625003815,149.0,358.0,3642.0,3851.0,7900,0.150576561689,0.939031243324
159,0.94859868288,0.948875010014,226.0,183.0,3817.0,3774.0,0.921210587025,0.919624984264,241.0,402.0,3598.0,3759.0,0.93899077177,0.939249992371,260.0,226.0,3774.0,3740.0,0.927921056747,0.928749978542,331.0,239.0,3761.0,3669.0,7950,0.158439785242,0.934125006199
160,0.94827580452,0.947499990463,150.0,270.0,3730.0,3850.0,0.923730909824,0.92150002718,197.0,431.0,3569.0,3803.0,0.940670728683,0.939625024796,171.0,312.0,3688.0,3829.0,0.936534762383,0.934249997139,119.0,407.0,3593.0,3881.0,8000,0.158950760961,0.935718774796
161,0.948892652988,0.947499990463,101.0,319.0,3681.0,3899.0,0.92383825779,0.921124994755,173.0,458.0,3542.0,3827.0,0.940833389759,0.939125001431,128.0,359.0,3641.0,3872.0,0.932975888252,0.931249976158,172.0,378.0,3622.0,3828.0,8050,0.158187627792,0.934750020504
162,0.95058709383,0.949500024319,114.0,290.0,3710.0,3886.0,0.920130074024,0.917124986649,181.0,482.0,3518.0,3819.0,0.945130169392,0.943875014782,133.0,316.0,3684.0,3867.0,0.931849360466,0.931874990463,274.0,271.0,3729.0,3726.0,8100,0.158053949475,0.935593724251
163,0.950499892235,0.949874997139,150.0,251.0,3749.0,3850.0,0.914244771004,0.910374999046,178.0,539.0,3461.0,3822.0,0.944458067417,0.943499982357,157.0,295.0,3705.0,3843.0,0.936410427094,0.935249984264,186.0,332.0,3668.0,3814.0,8150,0.162334412336,0.934750020504
164,0.95354527235,0.952499985695,100.0,280.0,3720.0,3900.0,0.922325432301,0.918500006199,129.0,523.0,3477.0,3871.0,0.943735599518,0.942125022411,117.0,346.0,3654.0,3883.0,0.938979744911,0.9375,153.0,347.0,3653.0,3847.0,8200,0.154453545809,0.937656223774
165,0.948549151421,0.947250008583,110.0,312.0,3688.0,3890.0,0.921809732914,0.92049998045,251.0,385.0,3615.0,3749.0,0.938835024834,0.936999976635,132.0,372.0,3628.0,3868.0,0.931218266487,0.930625021458,243.0,312.0,3688.0,3757.0,8250,0.161896213889,0.93384373188
166,0.951237797737,0.951250016689,196.0,194.0,3806.0,3804.0,0.923911690712,0.922874987125,254.0,363.0,3637.0,3746.0,0.941731929779,0.941375017166,210.0,259.0,3741.0,3790.0,0.938141822815,0.936749994755,163.0,343.0,3657.0,3837.0,8300,0.150250568986,0.938062489033
167,0.947156488895,0.947499990463,236.0,184.0,3816.0,3764.0,0.923076927662,0.922625005245,286.0,333.0,3667.0,3714.0,0.940560758114,0.940374970436,226.0,251.0,3749.0,3774.0,0.932283818722,0.932250022888,269.0,273.0,3727.0,3731.0,8350,0.154243975878,0.935687482357
168,0.950856626034,0.950874984264,198.0,195.0,3805.0,3802.0,0.927390694618,0.925875008106,213.0,380.0,3620.0,3787.0,0.943621635437,0.943374991417,209.0,244.0,3756.0,3791.0,0.937855839729,0.935874998569,129.0,384.0,3616.0,3871.0,8400,0.14777456224,0.93900001049
169,0.948746979237,0.949124991894,233.0,174.0,3826.0,3767.0,0.925848722458,0.924374997616,223.0,382.0,3618.0,3777.0,0.943727314472,0.943875014782,235.0,214.0,3786.0,3765.0,0.934720218182,0.931749999523,91.0,455.0,3545.0,3909.0,8450,0.157158240676,0.937281250954
170,0.949177742004,0.948625028133,162.0,249.0,3751.0,3838.0,0.924546778202,0.922999978065,226.0,390.0,3610.0,3774.0,0.94511449337,0.944249987602,160.0,286.0,3714.0,3840.0,0.938849329948,0.936625003815,108.0,399.0,3601.0,3892.0,8500,0.150565207005,0.938125014305
171,0.949713885784,0.948374986649,100.0,313.0,3687.0,3900.0,0.924391746521,0.92037498951,106.0,531.0,3469.0,3894.0,0.94482088089,0.943000018597,96.0,360.0,3640.0,3904.0,0.928837120533,0.928250014782,254.0,320.0,3680.0,3746.0,8550,0.157308533788,0.935000002384
172,0.947788178921,0.947624981403,197.0,222.0,3778.0,3803.0,0.920801758766,0.919000029564,233.0,415.0,3585.0,3767.0,0.942631006241,0.941999971867,188.0,276.0,3724.0,3812.0,0.938223361969,0.936625003815,150.0,357.0,3643.0,3850.0,8600,0.154148563743,0.936312496662
173,0.953559696674,0.952624976635,109.0,270.0,3730.0,3891.0,0.926900148392,0.924624979496,177.0,426.0,3574.0,3823.0,0.944983005524,0.943250000477,101.0,353.0,3647.0,3899.0,0.926209926605,0.926625013351,316.0,271.0,3729.0,3684.0,8650,0.156424835324,0.936781227589
174,0.950162768364,0.950250029564,206.0,192.0,3808.0,3794.0,0.925617754459,0.925125002861,273.0,326.0,3674.0,3727.0,0.945057690144,0.944625020027,190.0,253.0,3747.0,3810.0,0.933366775513,0.933624982834,281.0,250.0,3750.0,3719.0,8700,0.147268131375,0.938406229019
175,0.953140556812,0.95300000906,176.0,200.0,3800.0,3824.0,0.924602210522,0.922999978065,223.0,393.0,3607.0,3777.0,0.948476552963,0.948000013828,171.0,245.0,3755.0,3829.0,0.938608109951,0.936375021935,109.0,400.0,3600.0,3891.0,8750,0.145400196314,0.940093755722
176,0.952439785004,0.95187497139,145.0,240.0,3760.0,3855.0,0.919501304626,0.916875004768,202.0,463.0,3537.0,3798.0,0.94627648592,0.945625007153,169.0,266.0,3734.0,3831.0,0.938322722912,0.936749994755,151.0,355.0,3645.0,3849.0,8800,0.152030572295,0.937781274319
177,0.952404677868,0.952250003815,178.0,204.0,3796.0,3822.0,0.920630991459,0.920750021935,323.0,311.0,3689.0,3677.0,0.94637298584,0.946124970913,197.0,234.0,3766.0,3803.0,0.941075205803,0.940124988556,175.0,304.0,3696.0,3825.0,8850,0.145458221436,0.939812481403
178,0.952428162098,0.952000021935,156.0,228.0,3772.0,3844.0,0.931144297123,0.929750025272,200.0,362.0,3638.0,3800.0,0.946653544903,0.945999979973,167.0,265.0,3735.0,3833.0,0.94010579586,0.939125001431,178.0,309.0,3691.0,3822.0,8900,0.143096864223,0.941718757153
179,0.951653301716,0.95174998045,201.0,185.0,3815.0,3799.0,0.928969860077,0.928375005722,253.0,320.0,3680.0,3747.0,0.94810205698,0.947875022888,191.0,226.0,3774.0,3809.0,0.939519047737,0.93774998188,132.0,366.0,3634.0,3868.0,8950,0.14392773807,0.941437482834
180,0.953548789024,0.953125,151.0,224.0,3776.0,3849.0,0.925976097584,0.924875020981,241.0,360.0,3640.0,3759.0,0.947848558426,0.947125017643,156.0,267.0,3733.0,3844.0,0.932152628899,0.931999981403,263.0,281.0,3719.0,3737.0,9000,0.149281859398,0.939281225204
181,0.950936853886,0.950250029564,143.0,255.0,3745.0,3857.0,0.925834357738,0.925000011921,255.0,345.0,3655.0,3745.0,0.946687817574,0.945375025272,120.0,317.0,3683.0,3880.0,0.935628533363,0.933624982834,141.0,390.0,3610.0,3859.0,9050,0.149819150567,0.938562512398
182,0.954126119614,0.953999996185,173.0,195.0,3805.0,3827.0,0.924875617027,0.924499988556,282.0,322.0,3678.0,3718.0,0.94939994812,0.948875010014,163.0,246.0,3754.0,3837.0,0.936490833759,0.933624982834,85.0,446.0,3554.0,3915.0,9100,0.147668585181,0.940249979496
183,0.954054713249,0.954249978065,200.0,166.0,3834.0,3800.0,0.926237642765,0.925499975681,258.0,338.0,3662.0,3742.0,0.946870744228,0.946624994278,195.0,232.0,3768.0,3805.0,0.93660736084,0.936749994755,262.0,244.0,3756.0,3738.0,9150,0.143894374371,0.940781235695
184,0.949794411659,0.949625015259,188.0,215.0,3785.0,3812.0,0.925124406815,0.924749970436,281.0,321.0,3679.0,3719.0,0.946691334248,0.946124970913,173.0,258.0,3742.0,3827.0,0.933151781559,0.932500004768,231.0,309.0,3691.0,3769.0,9200,0.147803917527,0.938250005245
185,0.95334982872,0.95300000906,158.0,218.0,3782.0,3842.0,0.926102280617,0.924374997616,209.0,396.0,3604.0,3791.0,0.947108924389,0.946375012398,159.0,270.0,3730.0,3841.0,0.939243853092,0.93712502718,112.0,391.0,3609.0,3888.0,9250,0.145656511188,0.940218746662
186,0.946218013763,0.945249974728,147.0,291.0,3709.0,3853.0,0.926699638367,0.924125015736,163.0,444.0,3556.0,3837.0,0.941506147385,0.939999997616,137.0,343.0,3657.0,3863.0,0.911079645157,0.913625001907,460.0,231.0,3769.0,3540.0,9300,0.167074307799,0.930750012398
187,0.952357053757,0.952624976635,212.0,167.0,3833.0,3788.0,0.919279277325,0.918250024319,276.0,378.0,3622.0,3724.0,0.94324016571,0.943374991417,236.0,217.0,3783.0,3764.0,0.938148081303,0.936625003815,155.0,352.0,3648.0,3845.0,9350,0.14985153079,0.937718749046
188,0.952653169632,0.952374994755,167.0,214.0,3786.0,3833.0,0.929705798626,0.928624987602,224.0,347.0,3653.0,3776.0,0.947069764137,0.946375012398,162.0,267.0,3733.0,3838.0,0.940061569214,0.939125001431,181.0,306.0,3694.0,3819.0,9400,0.145146042109,0.941624999046
189,0.957024991512,0.956375002861,114.0,235.0,3765.0,3886.0,0.930904626846,0.928875029087,167.0,402.0,3598.0,3833.0,0.949914515018,0.948750019073,112.0,298.0,3702.0,3888.0,0.936878740788,0.936500012875,230.0,278.0,3722.0,3770.0,9450,0.141457110643,0.942624986172
190,0.949474930763,0.948875010014,157.0,252.0,3748.0,3843.0,0.927098691463,0.925750017166,223.0,371.0,3629.0,3777.0,0.944007873535,0.943000018597,156.0,300.0,3700.0,3844.0,0.927594423294,0.927874982357,304.0,273.0,3727.0,3696.0,9500,0.154803588986,0.936375021935
191,0.95631724596,0.955874979496,136.0,217.0,3783.0,3864.0,0.918574094772,0.918624997139,328.0,323.0,3677.0,3672.0,0.946965038776,0.946375012398,170.0,259.0,3741.0,3830.0,0.939006745815,0.936749994755,105.0,401.0,3599.0,3895.0,9550,0.146515294909,0.939406275749
192,0.954661488533,0.95337498188,73.0,300.0,3700.0,3927.0,0.928034365177,0.924624979496,112.0,491.0,3509.0,3888.0,0.949193716049,0.947624981403,86.0,333.0,3667.0,3914.0,0.936948120594,0.936625003815,233.0,274.0,3726.0,3767.0,9600,0.151934012771,0.940562486649
193,0.94551628828,0.943875014782,104.0,345.0,3655.0,3896.0,0.924383878708,0.921000003815,137.0,495.0,3505.0,3863.0,0.944330394268,0.942375004292,90.0,371.0,3629.0,3910.0,0.93678933382,0.935374975204,169.0,348.0,3652.0,3831.0,9650,0.161032393575,0.935656249523
194,0.952626466751,0.95174998045,119.0,267.0,3733.0,3881.0,0.928244709969,0.925499975681,145.0,451.0,3549.0,3855.0,0.94508177042,0.943750023842,128.0,322.0,3678.0,3872.0,0.938815534115,0.9375,164.0,336.0,3664.0,3836.0,9700,0.151749104261,0.939625024796
195,0.952510893345,0.952125012875,159.0,224.0,3776.0,3841.0,0.932395756245,0.931500017643,221.0,327.0,3673.0,3779.0,0.946263074875,0.945625007153,170.0,265.0,3735.0,3830.0,0.941463410854,0.939999997616,140.0,340.0,3660.0,3860.0,9750,0.144244968891,0.942312479019
196,0.955112218857,0.954999983311,170.0,190.0,3810.0,3830.0,0.931068480015,0.930000007153,218.0,342.0,3658.0,3782.0,0.949684679508,0.949124991894,159.0,248.0,3752.0,3841.0,0.943071365356,0.942125022411,165.0,298.0,3702.0,3835.0,9800,0.136417210102,0.94406247139
197,0.954716026783,0.954750001431,184.0,178.0,3822.0,3816.0,0.93142926693,0.930374979973,217.0,340.0,3660.0,3783.0,0.949756860733,0.949625015259,191.0,212.0,3788.0,3809.0,0.941752314568,0.940500020981,152.0,324.0,3676.0,3848.0,9850,0.140612319112,0.94381248951
198,0.949615299702,0.949249982834,174.0,232.0,3768.0,3826.0,0.921174228191,0.921124994755,313.0,318.0,3682.0,3687.0,0.949402928352,0.948625028133,144.0,267.0,3733.0,3856.0,0.933283090591,0.933499991894,279.0,253.0,3747.0,3721.0,9900,0.152056783438,0.938125014305
199,0.957655489445,0.957374989986,144.0,197.0,3803.0,3856.0,0.933953046799,0.932500004768,182.0,358.0,3642.0,3818.0,0.948601007462,0.947875022888,152.0,265.0,3735.0,3848.0,0.937747061253,0.936999976635,204.0,300.0,3700.0,3796.0,9950,0.139654025435,0.943687498569
200,0.953324913979,0.95349997282,201.0,171.0,3829.0,3799.0,0.927583158016,0.927375018597,279.0,302.0,3698.0,3721.0,0.947552442551,0.947499990463,206.0,214.0,3786.0,3794.0,0.940905213356,0.939125001431,123.0,364.0,3636.0,3877.0,10000,0.14270593226,0.941874980927
201,0.955791115761,0.95462501049,76.0,287.0,3713.0,3924.0,0.932282328606,0.929125010967,97.0,470.0,3530.0,3903.0,0.949431419373,0.947749972343,76.0,342.0,3658.0,3924.0,0.936957061291,0.936500012875,225.0,283.0,3717.0,3775.0,10050,0.143747106194,0.941999971867
202,0.956347763538,0.956375002861,177.0,172.0,3828.0,3823.0,0.930151998997,0.929374992847,238.0,327.0,3673.0,3762.0,0.948443353176,0.948249995708,192.0,222.0,3778.0,3808.0,0.942052304745,0.941624999046,204.0,263.0,3737.0,3796.0,10100,0.140246316791,0.943906247616
203,0.952322721481,0.951250016689,105.0,285.0,3715.0,3895.0,0.93286472559,0.930750012398,151.0,403.0,3597.0,3849.0,0.945929408073,0.944625020027,125.0,318.0,3682.0,3875.0,0.934426248074,0.933000028133,181.0,355.0,3645.0,3819.0,10150,0.154211327434,0.93990623951
204,0.953898131847,0.952250003815,48.0,334.0,3666.0,3952.0,0.932604253292,0.929125010967,77.0,490.0,3510.0,3923.0,0.946938812733,0.944750010967,56.0,386.0,3614.0,3944.0,0.93927526474,0.938000023365,164.0,332.0,3668.0,3836.0,10200,0.158280208707,0.94103127718
205,0.954733550549,0.954874992371,193.0,168.0,3832.0,3807.0,0.935419738293,0.935000002384,234.0,286.0,3714.0,3766.0,0.950349271297,0.950250029564,191.0,207.0,3793.0,3809.0,0.941606760025,0.940124988556,138.0,341.0,3659.0,3862.0,10250,0.137839838862,0.94506251812
206,0.957107841969,0.956250011921,95.0,255.0,3745.0,3905.0,0.932378292084,0.930374979973,160.0,397.0,3603.0,3840.0,0.952287971973,0.951125025749,98.0,293.0,3707.0,3902.0,0.937657058239,0.934875011444,82.0,439.0,3561.0,3918.0,10300,0.141538843513,0.943156242371
207,0.955869734287,0.955124974251,112.0,247.0,3753.0,3888.0,0.932636201382,0.930750012398,165.0,389.0,3611.0,3835.0,0.949693202972,0.948750019073,130.0,280.0,3720.0,3870.0,0.938790678978,0.938125014305,204.0,291.0,3709.0,3796.0,10350,0.142860084772,0.943187475204
208,0.958667337894,0.958750009537,173.0,157.0,3843.0,3827.0,0.935184001923,0.934625029564,227.0,296.0,3704.0,3773.0,0.952844321728,0.95275002718,181.0,197.0,3803.0,3819.0,0.942086815834,0.941999971867,226.0,238.0,3762.0,3774.0,10400,0.132146820426,0.947031259537
209,0.955182790756,0.955250024796,185.0,173.0,3827.0,3815.0,0.932063162327,0.932250022888,282.0,260.0,3740.0,3718.0,0.953853785992,0.953750014305,176.0,194.0,3806.0,3824.0,0.940579712391,0.938499987125,106.0,386.0,3614.0,3894.0,10450,0.135085240006,0.94493752718
210,0.958183348179,0.957875013351,139.0,198.0,3802.0,3861.0,0.92688792944,0.924000024796,146.0,462.0,3538.0,3854.0,0.952111363411,0.951375007629,133.0,256.0,3744.0,3867.0,0.940764844418,0.938624978065,101.0,390.0,3610.0,3899.0,10500,0.148096844554,0.942968726158
211,0.957112908363,0.956624984741,128.0,219.0,3781.0,3872.0,0.929721772671,0.927999973297,190.0,386.0,3614.0,3810.0,0.952942609787,0.952125012875,122.0,261.0,3739.0,3878.0,0.941866159439,0.940500020981,144.0,332.0,3668.0,3856.0,10550,0.138031065464,0.944312512875
212,0.957433521748,0.957374989986,165.0,176.0,3824.0,3835.0,0.937254846096,0.93599998951,176.0,336.0,3664.0,3824.0,0.951542913914,0.951125025749,161.0,230.0,3770.0,3839.0,0.940147459507,0.940124988556,238.0,241.0,3759.0,3762.0,10600,0.133463129401,0.946156263351
213,0.955878674984,0.955999970436,187.0,165.0,3835.0,3813.0,0.93254840374,0.931249976158,198.0,352.0,3648.0,3802.0,0.953650653362,0.95349997282,173.0,199.0,3801.0,3827.0,0.943165123463,0.941999971867,150.0,314.0,3686.0,3850.0,10650,0.136833831668,0.94568747282
214,0.954957187176,0.953999996185,99.0,269.0,3731.0,3901.0,0.935912907124,0.933749973774,130.0,400.0,3600.0,3870.0,0.949050009251,0.947374999523,79.0,342.0,3658.0,3921.0,0.935087263584,0.934000015259,197.0,331.0,3669.0,3803.0,10700,0.144726961851,0.942281246185
215,0.957307338715,0.956875026226,132.0,213.0,3787.0,3868.0,0.932569205761,0.930875003338,176.0,377.0,3623.0,3824.0,0.954914987087,0.954249978065,124.0,242.0,3758.0,3876.0,0.940595269203,0.939875006676,192.0,289.0,3711.0,3808.0,10750,0.136869236827,0.945468723774
216,0.956035971642,0.954750001431,64.0,298.0,3702.0,3936.0,0.935941755772,0.932874977589,77.0,460.0,3540.0,3923.0,0.950633645058,0.948875010014,62.0,347.0,3653.0,3938.0,0.938277542591,0.93612498045,116.0,395.0,3605.0,3884.0,10800,0.142541661859,0.943156242371
217,0.95804977417,0.957624971867,129.0,210.0,3790.0,3871.0,0.935234129429,0.934125006199,195.0,332.0,3668.0,3805.0,0.952134847641,0.951375007629,131.0,258.0,3742.0,3869.0,0.94052863121,0.939249992371,157.0,329.0,3671.0,3843.0,10850,0.133973538876,0.945593774319
218,0.956500411034,0.955749988556,108.0,246.0,3754.0,3892.0,0.936440229416,0.934875011444,162.0,359.0,3641.0,3838.0,0.950731635094,0.949500024319,102.0,302.0,3698.0,3898.0,0.937193334103,0.93599998951,180.0,332.0,3668.0,3820.0,10900,0.144647434354,0.944031238556
219,0.962294459343,0.961875021458,108.0,197.0,3803.0,3892.0,0.934711277485,0.932874977589,156.0,381.0,3619.0,3844.0,0.95671415329,0.955999970436,110.0,242.0,3758.0,3890.0,0.941441476345,0.941500008106,238.0,230.0,3770.0,3762.0,10950,0.130146294832,0.948062479496
220,0.956204354763,0.954999983311,70.0,290.0,3710.0,3930.0,0.933317303658,0.930499970913,109.0,447.0,3553.0,3891.0,0.949800431728,0.948125004768,74.0,341.0,3659.0,3926.0,0.92049241066,0.922500014305,411.0,209.0,3791.0,3589.0,11000,0.154742598534,0.939031243324
221,0.956521749496,0.955624997616,95.0,260.0,3740.0,3905.0,0.918386697769,0.913999974728,129.0,559.0,3441.0,3871.0,0.952695250511,0.95162498951,103.0,284.0,3716.0,3897.0,0.936144888401,0.933000028133,71.0,465.0,3535.0,3929.0,11050,0.157599583268,0.938562512398
222,0.956208944321,0.955874979496,146.0,207.0,3793.0,3854.0,0.934806644917,0.933624982834,193.0,338.0,3662.0,3807.0,0.94982612133,0.949500024319,176.0,228.0,3772.0,3824.0,0.936047255993,0.936375021935,275.0,234.0,3766.0,3725.0,11100,0.136142119765,0.943843722343
223,0.953405022621,0.95287501812,143.0,234.0,3766.0,3857.0,0.932875990868,0.931500017643,192.0,356.0,3644.0,3808.0,0.953884065151,0.95324999094,132.0,242.0,3758.0,3868.0,0.940771698952,0.939750015736,172.0,310.0,3690.0,3828.0,11150,0.14428947866,0.944343745708
224,0.953793764114,0.952499985695,78.0,302.0,3698.0,3922.0,0.93431532383,0.931999981403,131.0,413.0,3587.0,3869.0,0.947943210602,0.946375012398,94.0,335.0,3665.0,3906.0,0.942286491394,0.941124975681,155.0,316.0,3684.0,3845.0,11200,0.143007010221,0.943000018597
