,AllOpen_F1,AllOpen_accuracy,AllOpen_fn,AllOpen_fp,AllOpen_tn,AllOpen_tp,BeCertain_F1,BeCertain_accuracy,BeCertain_fn,BeCertain_fp,BeCertain_tn,BeCertain_tp,BelieveInfo_F1,BelieveInfo_accuracy,BelieveInfo_fn,BelieveInfo_fp,BelieveInfo_tn,BelieveInfo_tp,WondowLess_F1,WondowLess_accuracy,WondowLess_fn,WondowLess_fp,WondowLess_tn,WondowLess_tp,loss,total_accuracy,global_step
0,0.25878995656967163,0.4808749854564667,3275.0,878.0,3122.0,725.0,0.29126888513565063,0.4896250069141388,3161.0,922.0,3078.0,839.0,0.33107900619506836,0.4560000002384186,2923.0,1429.0,2571.0,1077.0,0.3877033293247223,0.4871250092983246,2701.0,1402.0,2598.0,1299.0,0.7764171957969666,0.47840625047683716,0
1,0.4997975826263428,0.5366250276565552,2148.0,1559.0,2441.0,1852.0,0.5299103856086731,0.5216249823570251,1843.0,1984.0,2016.0,2157.0,0.5658270120620728,0.5432500243186951,1619.0,2035.0,1965.0,2381.0,0.5774439573287964,0.5358750224113464,1463.0,2250.0,1750.0,2537.0,0.6987978219985962,0.5343437790870667,50
2,0.4061451554298401,0.5796250104904175,2850.0,513.0,3487.0,1150.0,0.6140227317810059,0.656624972820282,1815.0,932.0,3068.0,2185.0,0.515383243560791,0.659375011920929,2551.0,174.0,3826.0,1449.0,0.4675540626049042,0.6000000238418579,2595.0,605.0,3395.0,1405.0,0.6373119950294495,0.6239062547683716,100
3,0.6687673926353455,0.671500027179718,1347.0,1281.0,2719.0,2653.0,0.6754684448242188,0.6190000176429749,828.0,2220.0,1780.0,3172.0,0.7097031474113464,0.7273749709129333,1334.0,847.0,3153.0,2666.0,0.7006323933601379,0.6863750219345093,1064.0,1445.0,2555.0,2936.0,0.5929392576217651,0.6760625243186951,150
4,0.7570645809173584,0.7173749804496765,477.0,1784.0,2216.0,3523.0,0.6837607026100159,0.6161249876022339,680.0,2391.0,1609.0,3320.0,0.7862430214881897,0.765375018119812,548.0,1329.0,2671.0,3452.0,0.7591038942337036,0.7163749933242798,425.0,1844.0,2156.0,3575.0,0.5879937410354614,0.7038124799728394,200
5,0.7788013815879822,0.7448750138282776,407.0,1634.0,2366.0,3593.0,0.6934869289398193,0.6276249885559082,630.0,2349.0,1651.0,3370.0,0.804267942905426,0.793624997138977,608.0,1043.0,2957.0,3392.0,0.7776668071746826,0.749625027179718,497.0,1506.0,2494.0,3503.0,0.5559183955192566,0.7289375066757202,250
6,0.6904146671295166,0.7153750061988831,1461.0,816.0,3184.0,2539.0,0.6837944388389587,0.6600000262260437,1059.0,1661.0,2339.0,2941.0,0.739130437374115,0.7825000286102295,1535.0,205.0,3795.0,2465.0,0.6927189826965332,0.7198749780654907,1474.0,767.0,3233.0,2526.0,0.5303757190704346,0.7194374799728394,300
7,0.7893410325050354,0.7806249856948853,712.0,1043.0,2957.0,3288.0,0.7048134207725525,0.6588749885559082,742.0,1987.0,2013.0,3258.0,0.8368868231773376,0.844124972820282,801.0,446.0,3554.0,3199.0,0.7887972593307495,0.7822499871253967,747.0,995.0,3005.0,3253.0,0.4659147262573242,0.7664687633514404,350
8,0.802952766418457,0.7931249737739563,628.0,1027.0,2973.0,3372.0,0.7512665390968323,0.7483749985694885,960.0,1053.0,2947.0,3040.0,0.857686460018158,0.859749972820282,619.0,503.0,3497.0,3381.0,0.7976667881011963,0.7918750047683716,718.0,947.0,3053.0,3282.0,0.42157500982284546,0.7982812523841858,400
9,0.8271869421005249,0.7985000014305115,142.0,1470.0,2530.0,3858.0,0.751354455947876,0.6787499785423279,117.0,2453.0,1547.0,3883.0,0.8661020994186401,0.8537499904632568,216.0,954.0,3046.0,3784.0,0.8229737281799316,0.793874979019165,167.0,1482.0,2518.0,3833.0,0.43926990032196045,0.7812187671661377,450
10,0.8291656970977783,0.8172500133514404,452.0,1010.0,2990.0,3548.0,0.7702286243438721,0.7298750281333923,378.0,1783.0,2217.0,3622.0,0.8795396685600281,0.8822500109672546,561.0,381.0,3619.0,3439.0,0.8285344839096069,0.8176249861717224,475.0,984.0,3016.0,3525.0,0.37769031524658203,0.8117499947547913,500
11,0.8248737454414368,0.8180000185966492,571.0,885.0,3115.0,3429.0,0.7695002555847168,0.753250002861023,705.0,1269.0,2731.0,3295.0,0.8771653175354004,0.8830000162124634,658.0,278.0,3722.0,3342.0,0.8268210887908936,0.8205000162124634,572.0,864.0,3136.0,3428.0,0.3653395473957062,0.8186874985694885,550
12,0.8411129117012024,0.8272500038146973,342.0,1040.0,2960.0,3658.0,0.8435574769973755,0.8412500023841858,576.0,694.0,3306.0,3424.0,0.8971788287162781,0.8897500038146973,152.0,730.0,3270.0,3848.0,0.8391543626785278,0.824999988079071,348.0,1052.0,2948.0,3652.0,0.3523915410041809,0.8458124995231628,600
13,0.6548199653625488,0.7256249785423279,1918.0,277.0,3723.0,2082.0,0.8126493692398071,0.8333749771118164,1109.0,224.0,3776.0,2891.0,0.7647585272789001,0.8027499914169312,1435.0,143.0,3857.0,2565.0,0.6674011945724487,0.7358750104904175,1880.0,233.0,3767.0,2120.0,0.4597117006778717,0.7744062542915344,650
14,0.8539985418319702,0.8507500290870667,508.0,686.0,3314.0,3492.0,0.8236582279205322,0.8389999866485596,992.0,296.0,3704.0,3008.0,0.901553213596344,0.8993750214576721,314.0,491.0,3509.0,3686.0,0.8536644577980042,0.8497499823570251,494.0,708.0,3292.0,3506.0,0.31787335872650146,0.8597187399864197,700
15,0.8448699116706848,0.8420000076293945,558.0,706.0,3294.0,3442.0,0.8510892987251282,0.8445000052452087,445.0,799.0,3201.0,3555.0,0.9161877632141113,0.9125000238418579,174.0,526.0,3474.0,3826.0,0.8405939936637878,0.8376250267028809,575.0,724.0,3276.0,3425.0,0.31768032908439636,0.8591562509536743,750
16,0.8747832179069519,0.8646249771118164,217.0,866.0,3134.0,3783.0,0.8592283725738525,0.8481249809265137,292.0,923.0,3077.0,3708.0,0.9415696859359741,0.9409999847412109,197.0,275.0,3725.0,3803.0,0.8788263201713562,0.8688750267028809,196.0,853.0,3147.0,3804.0,0.27556756138801575,0.8806562423706055,800
17,0.8744901418685913,0.8653749823570251,248.0,829.0,3171.0,3752.0,0.8569756746292114,0.8472499847412109,339.0,883.0,3117.0,3661.0,0.9382871389389038,0.9387500286102295,275.0,215.0,3785.0,3725.0,0.8803339600563049,0.8709999918937683,204.0,828.0,3172.0,3796.0,0.26866409182548523,0.8805937767028809,850
18,0.8519617319107056,0.8316249847412109,124.0,1223.0,2777.0,3876.0,0.8708872199058533,0.8641250133514404,334.0,753.0,3247.0,3666.0,0.8984559774398804,0.887374997138977,14.0,887.0,3113.0,3986.0,0.8441938161849976,0.8203750252723694,107.0,1330.0,2670.0,3893.0,0.32487067580223083,0.8508750200271606,900
19,0.8717577457427979,0.8671249747276306,387.0,676.0,3324.0,3613.0,0.8678397536277771,0.8676249980926514,523.0,536.0,3464.0,3477.0,0.9367729425430298,0.9375,296.0,204.0,3796.0,3704.0,0.8731316328048706,0.8673750162124634,349.0,712.0,3288.0,3651.0,0.26589158177375793,0.8849062323570251,950
20,0.8678603172302246,0.8542500138282776,171.0,995.0,3005.0,3829.0,0.8606287240982056,0.8414999842643738,85.0,1183.0,2817.0,3915.0,0.9295282959938049,0.9243749976158142,10.0,595.0,3405.0,3990.0,0.8678180575370789,0.8536249995231628,156.0,1015.0,2985.0,3844.0,0.31100863218307495,0.8684375286102295,1000
21,0.8779518008232117,0.8694999814033508,245.0,799.0,3201.0,3755.0,0.8430351614952087,0.8267499804496765,278.0,1108.0,2892.0,3722.0,0.9420751333236694,0.9431250095367432,300.0,155.0,3845.0,3700.0,0.8792417049407959,0.8709999918937683,243.0,789.0,3211.0,3757.0,0.2728748619556427,0.8775937557220459,1050
22,0.8107578754425049,0.831125020980835,1106.0,245.0,3755.0,2894.0,0.7397260665893555,0.7886250019073486,1597.0,94.0,3906.0,2403.0,0.9098232388496399,0.9132500290870667,499.0,195.0,3805.0,3501.0,0.8066852688789368,0.8264999985694885,1104.0,284.0,3716.0,2896.0,0.33100879192352295,0.8398749828338623,1100
23,0.8907444477081299,0.8838750123977661,213.0,716.0,3284.0,3787.0,0.8947432637214661,0.8921250104904175,332.0,531.0,3469.0,3668.0,0.9478943347930908,0.9452499747276306,16.0,422.0,3578.0,3984.0,0.8880500197410583,0.8813750147819519,236.0,713.0,3287.0,3764.0,0.23485518991947174,0.9006562232971191,1150
24,0.8948530554771423,0.8868749737739563,149.0,756.0,3244.0,3851.0,0.8831948637962341,0.8734999895095825,174.0,838.0,3162.0,3826.0,0.9530265927314758,0.9514999985694885,64.0,324.0,3676.0,3936.0,0.893626868724823,0.8858749866485596,165.0,748.0,3252.0,3835.0,0.23390312492847443,0.8994374871253967,1200
25,0.8967578411102295,0.8877500295639038,100.0,798.0,3202.0,3900.0,0.8766458034515381,0.8793749809265137,571.0,394.0,3606.0,3429.0,0.9605929255485535,0.9601250290870667,112.0,207.0,3793.0,3888.0,0.9000923037528992,0.8917499780654907,99.0,767.0,3233.0,3901.0,0.22510848939418793,0.9047499895095825,1250
26,0.8961597084999084,0.8881250023841858,138.0,757.0,3243.0,3862.0,0.8913949131965637,0.8892499804496765,364.0,522.0,3478.0,3636.0,0.9513980746269226,0.9493749737739563,36.0,369.0,3631.0,3964.0,0.8909598588943481,0.8830000162124634,176.0,760.0,3240.0,3824.0,0.22974836826324463,0.9024375081062317,1300
27,0.8756908774375916,0.8791249990463257,594.0,373.0,3627.0,3406.0,0.7889907956123352,0.8217499852180481,1334.0,92.0,3908.0,2666.0,0.9391170144081116,0.9408749938011169,352.0,121.0,3879.0,3648.0,0.8692397475242615,0.8733749985694885,633.0,380.0,3620.0,3367.0,0.2765693962574005,0.878781259059906,1350
28,0.8952248692512512,0.8870000243186951,138.0,766.0,3234.0,3862.0,0.8906844258308411,0.8849999904632568,252.0,668.0,3332.0,3748.0,0.9547038674354553,0.9545000195503235,164.0,200.0,3800.0,3836.0,0.8951163291931152,0.8872500061988831,151.0,751.0,3249.0,3849.0,0.2206047922372818,0.9034374952316284,1400
29,0.897759735584259,0.8927500247955322,233.0,625.0,3375.0,3767.0,0.8947934508323669,0.8901249766349792,262.0,617.0,3383.0,3738.0,0.9600485563278198,0.9588750004768372,47.0,282.0,3718.0,3953.0,0.9000593423843384,0.8948749899864197,213.0,628.0,3372.0,3787.0,0.21366828680038452,0.9091562628746033,1450
30,0.8928700685501099,0.8886250257492065,287.0,604.0,3396.0,3713.0,0.8941007852554321,0.8893749713897705,264.0,621.0,3379.0,3736.0,0.9608854651451111,0.9611250162124634,180.0,131.0,3869.0,3820.0,0.895915687084198,0.8913750052452087,260.0,609.0,3391.0,3740.0,0.21306759119033813,0.9076250195503235,1500
31,0.8893899321556091,0.8896250128746033,450.0,433.0,3567.0,3550.0,0.886222779750824,0.8921250104904175,639.0,224.0,3776.0,3361.0,0.9560355544090271,0.9567499756813049,238.0,108.0,3892.0,3762.0,0.8880839943885803,0.8880000114440918,445.0,451.0,3549.0,3555.0,0.2163562923669815,0.906624972820282,1550
32,0.8985235095024109,0.8917499780654907,166.0,700.0,3300.0,3834.0,0.8214082717895508,0.8427500128746033,1107.0,151.0,3849.0,2893.0,0.9518448114395142,0.9497500061988831,27.0,375.0,3625.0,3973.0,0.8952800631523132,0.8871250152587891,140.0,763.0,3237.0,3860.0,0.2573794722557068,0.8928437232971191,1600
33,0.9078498482704163,0.9021250009536743,143.0,640.0,3360.0,3857.0,0.896427571773529,0.8992499709129333,512.0,294.0,3706.0,3488.0,0.9707040786743164,0.9702500104904175,57.0,181.0,3819.0,3943.0,0.9060450196266174,0.8997499942779541,133.0,669.0,3331.0,3867.0,0.19199852645397186,0.917843759059906,1650
34,0.8614489436149597,0.8690000176429749,742.0,306.0,3694.0,3258.0,0.9006857872009277,0.9022499918937683,454.0,328.0,3672.0,3546.0,0.9640446901321411,0.9633749723434448,72.0,221.0,3779.0,3928.0,0.8631909489631653,0.8691250085830688,697.0,350.0,3650.0,3303.0,0.21824383735656738,0.9009374976158142,1700
35,0.9066926836967468,0.9045000076293945,288.0,476.0,3524.0,3712.0,0.8573393821716309,0.8703749775886536,884.0,153.0,3847.0,3116.0,0.9711822867393494,0.9707499742507935,57.0,177.0,3823.0,3943.0,0.9058436751365662,0.903124988079071,272.0,503.0,3497.0,3728.0,0.21208620071411133,0.9121875166893005,1750
36,0.8964616656303406,0.890999972820282,225.0,647.0,3353.0,3775.0,0.9011493921279907,0.8978750109672546,276.0,541.0,3459.0,3724.0,0.9606451392173767,0.9591249823570251,9.0,318.0,3682.0,3991.0,0.9004637598991394,0.8953750133514404,214.0,623.0,3377.0,3786.0,0.20409734547138214,0.9108437299728394,1800
37,0.907457709312439,0.9021250009536743,161.0,622.0,3378.0,3839.0,0.8883838057518005,0.8895000219345093,482.0,402.0,3598.0,3518.0,0.9765819907188416,0.9764999747276306,80.0,108.0,3892.0,3920.0,0.9063644409179688,0.9008749723434448,162.0,631.0,3369.0,3838.0,0.19221682846546173,0.9172499775886536,1850
38,0.8892419934272766,0.8867499828338623,363.0,543.0,3457.0,3637.0,0.8952091932296753,0.887624979019165,160.0,739.0,3261.0,3840.0,0.9664315581321716,0.965499997138977,27.0,249.0,3751.0,3973.0,0.8933057188987732,0.890625,337.0,538.0,3462.0,3663.0,0.20951123535633087,0.9076250195503235,1900
39,0.8947624564170837,0.8920000195503235,327.0,537.0,3463.0,3673.0,0.9042730927467346,0.8997499942779541,212.0,590.0,3410.0,3788.0,0.9653580188751221,0.9643750190734863,29.0,256.0,3744.0,3971.0,0.8911828994750977,0.8880000114440918,331.0,565.0,3435.0,3669.0,0.1976751983165741,0.9110312461853027,1950
40,0.8969598412513733,0.8889999985694885,135.0,753.0,3247.0,3865.0,0.9040091037750244,0.9051250219345093,426.0,333.0,3667.0,3574.0,0.9570316672325134,0.9551249742507935,2.0,357.0,3643.0,3998.0,0.8954740166664124,0.8871250152587891,132.0,771.0,3229.0,3868.0,0.207593634724617,0.9090937376022339,2000
41,0.9104641675949097,0.9081249833106995,263.0,472.0,3528.0,3737.0,0.8990421891212463,0.9024999737739563,527.0,253.0,3747.0,3473.0,0.9706325531005859,0.9707499742507935,133.0,101.0,3899.0,3867.0,0.9069229960441589,0.9043750166893005,273.0,492.0,3508.0,3727.0,0.18485376238822937,0.9214375019073486,2050
42,0.9015454053878784,0.9012500047683716,383.0,407.0,3593.0,3617.0,0.8892442584037781,0.8961250185966492,664.0,167.0,3833.0,3336.0,0.9719859957695007,0.972000002861023,114.0,110.0,3890.0,3886.0,0.9022388458251953,0.9017500281333923,373.0,413.0,3587.0,3627.0,0.1928863227367401,0.9177812337875366,2100
43,0.9054021835327148,0.9014999866485596,229.0,559.0,3441.0,3771.0,0.8939446806907654,0.8846250176429749,110.0,813.0,3187.0,3890.0,0.9733548760414124,0.9731249809265137,73.0,142.0,3858.0,3927.0,0.9044188857078552,0.9004999995231628,234.0,562.0,3438.0,3766.0,0.19360461831092834,0.9149374961853027,2150
44,0.9074302911758423,0.90625,324.0,426.0,3574.0,3676.0,0.8988792896270752,0.9041249752044678,591.0,176.0,3824.0,3409.0,0.9712405204772949,0.9704999923706055,15.0,221.0,3779.0,3985.0,0.9037255644798279,0.9021250009536743,325.0,458.0,3542.0,3675.0,0.18760451674461365,0.9207500219345093,2200
45,0.9106481671333313,0.9035000205039978,66.0,706.0,3294.0,3934.0,0.900652289390564,0.9010000228881836,410.0,382.0,3618.0,3590.0,0.979380190372467,0.9791250228881836,34.0,133.0,3867.0,3966.0,0.9084198474884033,0.9007499814033508,62.0,732.0,3268.0,3938.0,0.18676239252090454,0.921093761920929,2250
46,0.8987531065940857,0.8985000252723694,396.0,416.0,3584.0,3604.0,0.8942871689796448,0.9010000228881836,650.0,142.0,3858.0,3350.0,0.9662513732910156,0.9651250243186951,6.0,273.0,3727.0,3994.0,0.8959029316902161,0.8948749899864197,381.0,460.0,3540.0,3619.0,0.19441363215446472,0.9148749709129333,2300
47,0.9142104387283325,0.9104999899864197,185.0,531.0,3469.0,3815.0,0.9075778722763062,0.9083750247955322,401.0,332.0,3668.0,3599.0,0.9762313365936279,0.9757500290870667,16.0,178.0,3822.0,3984.0,0.911365270614624,0.9070000052452087,175.0,569.0,3431.0,3825.0,0.1700798124074936,0.925406277179718,2350
48,0.9183453917503357,0.9143750071525574,148.0,537.0,3463.0,3852.0,0.9080929160118103,0.9100000262260437,443.0,277.0,3723.0,3557.0,0.9796019196510315,0.9793750047683716,38.0,127.0,3873.0,3962.0,0.9157084226608276,0.9111250042915344,138.0,573.0,3427.0,3862.0,0.16733911633491516,0.9287187457084656,2400
49,0.8938352465629578,0.8861250281333923,165.0,746.0,3254.0,3835.0,0.8941785097122192,0.8977500200271606,544.0,274.0,3726.0,3456.0,0.9387995004653931,0.9348750114440918,4.0,517.0,3483.0,3996.0,0.8869866728782654,0.8778749704360962,166.0,811.0,3189.0,3834.0,0.22661055624485016,0.8991562724113464,2450
50,0.9220014810562134,0.9204999804496765,241.0,395.0,3605.0,3759.0,0.8900173902511597,0.8971250057220459,670.0,153.0,3847.0,3330.0,0.9761058688163757,0.9756249785423279,17.0,178.0,3822.0,3983.0,0.91455078125,0.9125000238418579,254.0,446.0,3554.0,3746.0,0.17558693885803223,0.926437497138977,2500
51,0.9186797738075256,0.9150000214576721,159.0,521.0,3479.0,3841.0,0.8698864579200745,0.8811249732971191,821.0,130.0,3870.0,3179.0,0.9763818383216858,0.9761250019073486,52.0,139.0,3861.0,3948.0,0.918009340763092,0.9141250252723694,154.0,533.0,3467.0,3846.0,0.17977531254291534,0.9215937256813049,2550
52,0.8997616171836853,0.9001250267028809,414.0,385.0,3615.0,3586.0,0.9154216051101685,0.9143750071525574,293.0,392.0,3608.0,3707.0,0.9753101468086243,0.9748749732971191,30.0,171.0,3829.0,3970.0,0.9026128053665161,0.9026250243186951,390.0,389.0,3611.0,3610.0,0.17034918069839478,0.9229999780654907,2600
53,0.918719470500946,0.9146249890327454,140.0,543.0,3457.0,3860.0,0.8924418687820435,0.8982499837875366,623.0,191.0,3809.0,3377.0,0.9737645387649536,0.9731249809265137,10.0,205.0,3795.0,3990.0,0.9143733978271484,0.909375011920929,129.0,596.0,3404.0,3871.0,0.17248989641666412,0.9238437414169312,2650
54,0.9081481695175171,0.9070000052452087,322.0,422.0,3578.0,3678.0,0.9134365320205688,0.9126250147819519,312.0,387.0,3613.0,3688.0,0.9760645031929016,0.9762499928474426,126.0,64.0,3936.0,3874.0,0.9111220240592957,0.909500002861023,289.0,435.0,3565.0,3711.0,0.16998019814491272,0.9263437390327454,2700
55,0.9129292964935303,0.9087499976158142,173.0,557.0,3443.0,3827.0,0.9069241881370544,0.9072499871253967,385.0,357.0,3643.0,3615.0,0.9706382155418396,0.9697499871253967,0.0,242.0,3758.0,4000.0,0.9070535898208618,0.9014999866485596,155.0,633.0,3367.0,3845.0,0.1775510609149933,0.9218124747276306,2750
56,0.9193548560142517,0.9162499904632568,181.0,489.0,3511.0,3819.0,0.9046944975852966,0.9073749780654907,483.0,258.0,3742.0,3517.0,0.9767500162124634,0.9768750071525574,114.0,71.0,3929.0,3886.0,0.9183477163314819,0.9150000214576721,176.0,504.0,3496.0,3824.0,0.16568276286125183,0.9288750290870667,2800
57,0.9192746877670288,0.918749988079071,299.0,351.0,3649.0,3701.0,0.9109492301940918,0.9128749966621399,435.0,262.0,3738.0,3565.0,0.9809547066688538,0.9807500243186951,34.0,120.0,3880.0,3966.0,0.9109725952148438,0.9107499718666077,347.0,367.0,3633.0,3653.0,0.16072961688041687,0.9307812452316284,2850
58,0.913741946220398,0.9127500057220459,303.0,395.0,3605.0,3697.0,0.9103046655654907,0.9076250195503235,250.0,489.0,3511.0,3750.0,0.9741526246070862,0.9735000133514404,5.0,207.0,3793.0,3995.0,0.9052735567092896,0.9041249752044678,335.0,432.0,3568.0,3665.0,0.16763389110565186,0.9244999885559082,2900
59,0.9178375601768494,0.9137499928474426,146.0,544.0,3456.0,3854.0,0.9123371839523315,0.9116250276565552,321.0,386.0,3614.0,3679.0,0.9802696704864502,0.9802500009536743,75.0,83.0,3917.0,3925.0,0.9162303805351257,0.9120000004768372,150.0,554.0,3446.0,3850.0,0.1595715582370758,0.9294062256813049,2950
60,0.9132828712463379,0.9054999947547913,19.0,737.0,3263.0,3981.0,0.9019423127174377,0.8958749771118164,169.0,664.0,3336.0,3831.0,0.9784577488899231,0.9779999852180481,3.0,173.0,3827.0,3997.0,0.9093614220619202,0.9010000228881836,27.0,765.0,3235.0,3973.0,0.18573413789272308,0.9200937747955322,3000
61,0.9167671799659729,0.9137499928474426,200.0,490.0,3510.0,3800.0,0.9135623574256897,0.9103749990463257,211.0,506.0,3494.0,3789.0,0.9818953275680542,0.9818750023841858,68.0,77.0,3923.0,3932.0,0.918899416923523,0.9156249761581421,176.0,499.0,3501.0,3824.0,0.15857085585594177,0.9304062724113464,3050
62,0.9259702563285828,0.9227499961853027,135.0,483.0,3517.0,3865.0,0.9051701426506042,0.9087499976158142,516.0,214.0,3786.0,3484.0,0.9836673736572266,0.9835000038146973,25.0,107.0,3893.0,3975.0,0.9204572439193726,0.9164999723434448,135.0,533.0,3467.0,3865.0,0.15795749425888062,0.9328749775886536,3100
63,0.9232257008552551,0.9206249713897705,182.0,453.0,3547.0,3818.0,0.9065941572189331,0.9098749756813049,501.0,220.0,3780.0,3499.0,0.9783220887184143,0.9778749942779541,6.0,171.0,3829.0,3994.0,0.9185114502906799,0.9148749709129333,162.0,519.0,3481.0,3838.0,0.1569213718175888,0.9308124780654907,3150
64,0.9144171476364136,0.9116250276565552,223.0,484.0,3516.0,3777.0,0.9016129970550537,0.8932499885559082,87.0,767.0,3233.0,3913.0,0.9785723090171814,0.9781249761581421,4.0,171.0,3829.0,3996.0,0.9119021892547607,0.9081249833106995,196.0,539.0,3461.0,3804.0,0.1689884066581726,0.922781229019165,3200
65,0.8965072631835938,0.8996250033378601,522.0,281.0,3719.0,3478.0,0.91290283203125,0.9091249704360962,190.0,537.0,3463.0,3810.0,0.9815634489059448,0.981249988079071,7.0,143.0,3857.0,3993.0,0.8942049145698547,0.8966249823570251,505.0,322.0,3678.0,3495.0,0.17209875583648682,0.9216562509536743,3250
66,0.9171692132949829,0.9158750176429749,274.0,399.0,3601.0,3726.0,0.9168258309364319,0.9183750152587891,401.0,252.0,3748.0,3599.0,0.9782236218452454,0.9777500033378601,2.0,176.0,3824.0,3998.0,0.9120866060256958,0.9106249809265137,291.0,424.0,3576.0,3709.0,0.15564008057117462,0.9306562542915344,3300
67,0.926630437374115,0.9257500171661377,249.0,345.0,3655.0,3751.0,0.9120305180549622,0.9136250019073486,418.0,273.0,3727.0,3582.0,0.9864881634712219,0.9863749742507935,21.0,88.0,3912.0,3979.0,0.9214311838150024,0.9201250076293945,253.0,386.0,3614.0,3747.0,0.14418789744377136,0.9364687204360962,3350
68,0.9226441979408264,0.9175000190734863,64.0,596.0,3404.0,3936.0,0.9183055758476257,0.9190000295639038,358.0,290.0,3710.0,3642.0,0.9851925373077393,0.9850000143051147,8.0,112.0,3888.0,3992.0,0.920612633228302,0.9151250123977661,63.0,616.0,3384.0,3937.0,0.15399868786334991,0.9341562390327454,3400
69,0.9248499274253845,0.921750009059906,148.0,478.0,3522.0,3852.0,0.9031069278717041,0.9079999923706055,570.0,166.0,3834.0,3430.0,0.9833804965019226,0.9831249713897705,6.0,129.0,3871.0,3994.0,0.9249400496482849,0.921750009059906,143.0,483.0,3517.0,3857.0,0.15156222879886627,0.9336562752723694,3450
70,0.9061272740364075,0.9013749957084656,192.0,597.0,3403.0,3808.0,0.9135442972183228,0.9108750224113464,233.0,480.0,3520.0,3767.0,0.9583134055137634,0.9564999938011169,0.0,348.0,3652.0,4000.0,0.906603217124939,0.9018750190734863,190.0,595.0,3405.0,3810.0,0.191076397895813,0.9176562428474426,3500
71,0.9221022725105286,0.9169999957084656,70.0,594.0,3406.0,3930.0,0.9135772585868835,0.9111250042915344,242.0,469.0,3531.0,3758.0,0.9865269064903259,0.9865000247955322,46.0,62.0,3938.0,3954.0,0.9245878458023071,0.9193750023841858,46.0,599.0,3401.0,3954.0,0.155690997838974,0.9334999918937683,3550
72,0.9135072827339172,0.9158750176429749,446.0,227.0,3773.0,3554.0,0.9210492968559265,0.9206249713897705,296.0,339.0,3661.0,3704.0,0.9878079295158386,0.9877499938011169,30.0,68.0,3932.0,3970.0,0.9064599275588989,0.909500002861023,492.0,232.0,3768.0,3508.0,0.151307612657547,0.9334375262260437,3600
73,0.8934787511825562,0.8974999785423279,561.0,259.0,3741.0,3439.0,0.916455090045929,0.9136250019073486,210.0,481.0,3519.0,3790.0,0.9761992692947388,0.9756249785423279,1.0,194.0,3806.0,3999.0,0.8909657001495361,0.8949999809265137,568.0,272.0,3728.0,3432.0,0.17072945833206177,0.9204375147819519,3650
74,0.9249686598777771,0.9252499938011169,314.0,284.0,3716.0,3686.0,0.9138442277908325,0.9163749814033508,452.0,217.0,3783.0,3548.0,0.989567756652832,0.9894999861717224,16.0,68.0,3932.0,3984.0,0.9224051833152771,0.922249972820282,303.0,319.0,3681.0,3697.0,0.14258907735347748,0.9383437633514404,3700
75,0.9252157211303711,0.921999990940094,140.0,484.0,3516.0,3860.0,0.9208053946495056,0.918874979019165,227.0,422.0,3578.0,3773.0,0.9853285551071167,0.9851250052452087,4.0,115.0,3885.0,3996.0,0.9243616461753845,0.9207500219345093,126.0,508.0,3492.0,3874.0,0.14467114210128784,0.9366875290870667,3750
76,0.9278904795646667,0.9262499809265137,204.0,386.0,3614.0,3796.0,0.9191586375236511,0.9202499985694885,373.0,265.0,3735.0,3627.0,0.9900323748588562,0.9900000095367432,27.0,53.0,3947.0,3973.0,0.925075888633728,0.9228749871253967,191.0,426.0,3574.0,3809.0,0.13613131642341614,0.9398437738418579,3800
77,0.9260917901992798,0.9236249923706055,172.0,439.0,3561.0,3828.0,0.9175571799278259,0.9190000295639038,394.0,254.0,3746.0,3606.0,0.9884687066078186,0.9883750081062317,14.0,79.0,3921.0,3986.0,0.9247751235961914,0.921625018119812,146.0,481.0,3519.0,3854.0,0.14583300054073334,0.938156247138977,3850
78,0.9283632636070251,0.9262499809265137,177.0,413.0,3587.0,3823.0,0.9156808853149414,0.9162499904632568,362.0,308.0,3692.0,3638.0,0.9865415096282959,0.9863749742507935,5.0,104.0,3896.0,3995.0,0.9235422015190125,0.9210000038146973,183.0,449.0,3551.0,3817.0,0.1426134556531906,0.9374687671661377,3900
79,0.9167831540107727,0.9181249737739563,392.0,263.0,3737.0,3608.0,0.923021137714386,0.9203749895095825,181.0,456.0,3544.0,3819.0,0.9865537881851196,0.9865000247955322,38.0,70.0,3930.0,3962.0,0.9115560054779053,0.9127500057220459,403.0,295.0,3705.0,3597.0,0.14590249955654144,0.9344375133514404,3950
80,0.9219772219657898,0.9194999933242798,195.0,449.0,3551.0,3805.0,0.9163240790367126,0.9135000109672546,211.0,481.0,3519.0,3789.0,0.9773921370506287,0.9768750071525574,1.0,184.0,3816.0,3999.0,0.9159126877784729,0.9128749966621399,204.0,493.0,3507.0,3796.0,0.1586248278617859,0.9306874871253967,4000
81,0.929122269153595,0.9276250004768372,205.0,374.0,3626.0,3795.0,0.9214457273483276,0.9185000061988831,176.0,476.0,3524.0,3824.0,0.9886689186096191,0.9886249899864197,30.0,61.0,3939.0,3970.0,0.9255996346473694,0.9240000247955322,218.0,390.0,3610.0,3782.0,0.13772153854370117,0.9396874904632568,4050
82,0.9247205257415771,0.9242500066757202,278.0,328.0,3672.0,3722.0,0.9204477071762085,0.9173750281333923,176.0,485.0,3515.0,3824.0,0.9814518690109253,0.981124997138977,5.0,146.0,3854.0,3995.0,0.9205682873725891,0.9196249842643738,274.0,369.0,3631.0,3726.0,0.1457332819700241,0.9355937242507935,4100
83,0.9257444739341736,0.9261249899864197,316.0,275.0,3725.0,3684.0,0.9256280660629272,0.9259999990463257,316.0,276.0,3724.0,3684.0,0.9879969954490662,0.9879999756813049,49.0,47.0,3953.0,3951.0,0.9239970445632935,0.9237499833106995,292.0,318.0,3682.0,3708.0,0.13542096316814423,0.9409687519073486,4150
84,0.927288293838501,0.9256250262260437,206.0,389.0,3611.0,3794.0,0.9213118553161621,0.9211249947547913,306.0,325.0,3675.0,3694.0,0.9882236123085022,0.9881250262260437,14.0,81.0,3919.0,3986.0,0.9274379014968872,0.925125002861023,172.0,427.0,3573.0,3828.0,0.13511431217193604,0.9399999976158142,4200
85,0.8981371521949768,0.9036250114440918,601.0,170.0,3830.0,3399.0,0.9205222725868225,0.921625018119812,369.0,258.0,3742.0,3631.0,0.9817633628845215,0.9818750023841858,97.0,48.0,3952.0,3903.0,0.8986229300498962,0.9033750295639038,574.0,199.0,3801.0,3426.0,0.15689322352409363,0.9276250004768372,4250
86,0.9306709170341492,0.9301249980926514,248.0,311.0,3689.0,3752.0,0.9267737865447998,0.9276250004768372,336.0,243.0,3757.0,3664.0,0.9882060885429382,0.9881250262260437,20.0,75.0,3925.0,3980.0,0.925454318523407,0.9246249794960022,257.0,346.0,3654.0,3743.0,0.1306913197040558,0.9426249861717224,4300
87,0.9314574003219604,0.9287499785423279,127.0,443.0,3557.0,3873.0,0.929487943649292,0.9278749823570251,197.0,380.0,3620.0,3803.0,0.991051435470581,0.9909999966621399,13.0,59.0,3941.0,3987.0,0.9318372011184692,0.9286249876022339,97.0,474.0,3526.0,3903.0,0.12982653081417084,0.9440624713897705,4350
88,0.9326488375663757,0.9311249852180481,185.0,366.0,3634.0,3815.0,0.9236517548561096,0.9233750104904175,292.0,321.0,3679.0,3708.0,0.990549623966217,0.9904999732971191,17.0,59.0,3941.0,3983.0,0.9302778244018555,0.9284999966621399,184.0,388.0,3612.0,3816.0,0.1314052939414978,0.9433749914169312,4400
89,0.9234053492546082,0.9237499833106995,323.0,287.0,3713.0,3677.0,0.921122670173645,0.9185000061988831,193.0,459.0,3541.0,3807.0,0.986791729927063,0.9866250157356262,3.0,104.0,3896.0,3997.0,0.9158409833908081,0.9161249995231628,349.0,322.0,3678.0,3651.0,0.1407885104417801,0.9362499713897705,4450
90,0.921288013458252,0.9229999780654907,395.0,221.0,3779.0,3605.0,0.9262304902076721,0.924875020980835,227.0,374.0,3626.0,3773.0,0.9870353937149048,0.9868749976158142,3.0,102.0,3898.0,3997.0,0.9126559495925903,0.9142500162124634,416.0,270.0,3730.0,3584.0,0.13612592220306396,0.937250018119812,4500
91,0.9320628046989441,0.9313750267028809,234.0,315.0,3685.0,3766.0,0.9011984467506409,0.9072499871253967,616.0,126.0,3874.0,3384.0,0.991051435470581,0.9909999966621399,13.0,59.0,3941.0,3987.0,0.9289671778678894,0.9278749823570251,227.0,350.0,3650.0,3773.0,0.14009694755077362,0.9393749833106995,4550
92,0.9208945631980896,0.9226250052452087,397.0,222.0,3778.0,3603.0,0.9125633239746094,0.9158750176429749,488.0,185.0,3815.0,3512.0,0.9861320853233337,0.9862499833106995,89.0,21.0,3979.0,3911.0,0.9185692667961121,0.9197499752044678,379.0,263.0,3737.0,3621.0,0.14112627506256104,0.9361249804496765,4600
93,0.9313570857048035,0.9293749928474426,167.0,398.0,3602.0,3833.0,0.9206621646881104,0.9191250205039978,246.0,401.0,3599.0,3754.0,0.9872761368751526,0.9871249794960022,4.0,99.0,3901.0,3996.0,0.9260240197181702,0.9232500195503235,157.0,457.0,3543.0,3843.0,0.1391996592283249,0.9397187232971191,4650
94,0.9294999837875366,0.9294999837875366,282.0,282.0,3718.0,3718.0,0.9196858406066895,0.9207500219345093,370.0,264.0,3736.0,3630.0,0.9881041049957275,0.9879999756813049,13.0,83.0,3917.0,3987.0,0.9233067631721497,0.9229999780654907,292.0,324.0,3676.0,3708.0,0.13152818381786346,0.9403125047683716,4700
95,0.9258978366851807,0.9267500042915344,339.0,247.0,3753.0,3661.0,0.9255107045173645,0.9252499938011169,285.0,313.0,3687.0,3715.0,0.988226592540741,0.9881250262260437,13.0,82.0,3918.0,3987.0,0.9217391610145569,0.9223750233650208,343.0,278.0,3722.0,3657.0,0.13139164447784424,0.940625011920929,4750
96,0.9351941347122192,0.9332500100135803,147.0,387.0,3613.0,3853.0,0.924244225025177,0.9213749766349792,163.0,466.0,3534.0,3837.0,0.990932822227478,0.9908750057220459,11.0,62.0,3938.0,3989.0,0.9311515688896179,0.9290000200271606,159.0,409.0,3591.0,3841.0,0.1283349245786667,0.9436249732971191,4800
97,0.912659227848053,0.9160000085830688,489.0,183.0,3817.0,3511.0,0.9244292378425598,0.9226250052452087,214.0,405.0,3595.0,3786.0,0.9909260272979736,0.9908750057220459,14.0,59.0,3941.0,3986.0,0.9108066558837891,0.9137499928474426,477.0,213.0,3787.0,3523.0,0.1414029896259308,0.9358124732971191,4850
98,0.9318097233772278,0.9313750267028809,249.0,300.0,3700.0,3751.0,0.9285009503364563,0.9275000095367432,234.0,346.0,3654.0,3766.0,0.9930208921432495,0.9929999709129333,16.0,40.0,3960.0,3984.0,0.930318295955658,0.9291250109672546,215.0,352.0,3648.0,3785.0,0.12506897747516632,0.9452499747276306,4900
99,0.9290277361869812,0.925000011920929,73.0,527.0,3473.0,3927.0,0.904581606388092,0.9086250066757202,535.0,196.0,3804.0,3465.0,0.9897289276123047,0.9896249771118164,1.0,82.0,3918.0,3999.0,0.9305228590965271,0.9262499809265137,49.0,541.0,3459.0,3951.0,0.15097284317016602,0.937375009059906,4950
100,0.9038286805152893,0.9073749780654907,518.0,223.0,3777.0,3482.0,0.9061533212661743,0.8976250290870667,46.0,773.0,3227.0,3954.0,0.9837518334388733,0.9835000038146973,4.0,128.0,3872.0,3996.0,0.9011613726615906,0.9042500257492065,508.0,258.0,3742.0,3492.0,0.16626156866550446,0.9231874942779541,5000
101,0.9258738160133362,0.9210000038146973,53.0,579.0,3421.0,3947.0,0.9081975221633911,0.9042500257492065,211.0,555.0,3445.0,3789.0,0.9927627444267273,0.9927499890327454,22.0,36.0,3964.0,3978.0,0.9263330698013306,0.9212499856948853,39.0,591.0,3409.0,3961.0,0.16577905416488647,0.9348124861717224,5050
102,0.9203404784202576,0.921625018119812,378.0,249.0,3751.0,3622.0,0.9241431355476379,0.9247499704360962,333.0,269.0,3731.0,3667.0,0.9764600992202759,0.9768750071525574,163.0,22.0,3978.0,3837.0,0.9149016737937927,0.9161249995231628,393.0,278.0,3722.0,3607.0,0.1510934680700302,0.9348437786102295,5100
103,0.9335408806800842,0.9306250214576721,102.0,453.0,3547.0,3898.0,0.9132093191146851,0.906125009059906,49.0,702.0,3298.0,3951.0,0.9914253354072571,0.9913750290870667,11.0,58.0,3942.0,3989.0,0.9314053654670715,0.9282500147819519,103.0,471.0,3529.0,3897.0,0.1342976838350296,0.9390937685966492,5150
104,0.9207200407981873,0.9223750233650208,394.0,227.0,3773.0,3606.0,0.9257473945617676,0.9229999780654907,160.0,456.0,3544.0,3840.0,0.9898464679718018,0.9897500276565552,3.0,79.0,3921.0,3997.0,0.9155181646347046,0.9172499775886536,413.0,249.0,3751.0,3587.0,0.13745258748531342,0.9380937218666077,5200
105,0.9295774698257446,0.9275000095367432,172.0,408.0,3592.0,3828.0,0.9208477735519409,0.9173750281333923,155.0,506.0,3494.0,3845.0,0.987889289855957,0.9877499938011169,3.0,95.0,3905.0,3997.0,0.9287962913513184,0.9265000224113464,165.0,423.0,3577.0,3835.0,0.1400296539068222,0.9397812485694885,5250
106,0.9097322821617126,0.9136250019073486,518.0,173.0,3827.0,3482.0,0.9210526347160339,0.921999990940094,360.0,264.0,3736.0,3640.0,0.9903321266174316,0.9902499914169312,5.0,73.0,3927.0,3995.0,0.9024931788444519,0.906624972820282,543.0,204.0,3796.0,3457.0,0.14142157137393951,0.9331250190734863,5300
107,0.934432327747345,0.934374988079071,259.0,266.0,3734.0,3741.0,0.93071049451828,0.9308750033378601,286.0,267.0,3733.0,3714.0,0.9900940656661987,0.9900000095367432,2.0,78.0,3922.0,3998.0,0.9304056763648987,0.9298750162124634,250.0,311.0,3689.0,3750.0,0.12134150415658951,0.9462812542915344,5350
108,0.934256911277771,0.9323750138282776,156.0,385.0,3615.0,3844.0,0.9276414513587952,0.9277499914169312,295.0,283.0,3717.0,3705.0,0.9922981858253479,0.9922500252723694,6.0,56.0,3944.0,3994.0,0.9301426410675049,0.9277499914169312,152.0,426.0,3574.0,3848.0,0.12310938537120819,0.9450312256813049,5400
109,0.9323181509971619,0.9300000071525574,143.0,417.0,3583.0,3857.0,0.9221175909042358,0.9235000014305115,377.0,235.0,3765.0,3623.0,0.9825552701950073,0.9822499752044678,1.0,141.0,3859.0,3999.0,0.9270458221435547,0.9240000247955322,137.0,471.0,3529.0,3863.0,0.13930660486221313,0.9399374723434448,5450
110,0.9347206354141235,0.9341250061988831,227.0,300.0,3700.0,3773.0,0.931567907333374,0.9308750033378601,236.0,317.0,3683.0,3764.0,0.9899590611457825,0.9898750185966492,7.0,74.0,3926.0,3993.0,0.9284831285476685,0.9277499914169312,248.0,330.0,3670.0,3752.0,0.12189549207687378,0.9456562399864197,5500
111,0.9341661334037781,0.9341250061988831,261.0,266.0,3734.0,3739.0,0.9305304288864136,0.9281250238418579,149.0,426.0,3574.0,3851.0,0.9935339093208313,0.9934999942779541,5.0,47.0,3953.0,3995.0,0.9297633767127991,0.9294999837875366,267.0,297.0,3703.0,3733.0,0.12220446020364761,0.9463124871253967,5550
112,0.9371753931045532,0.9365000128746033,211.0,297.0,3703.0,3789.0,0.9160125851631165,0.9197499752044678,499.0,143.0,3857.0,3501.0,0.9934087991714478,0.9933750033378601,6.0,47.0,3953.0,3994.0,0.9327452778816223,0.9313750267028809,193.0,356.0,3644.0,3807.0,0.12193761020898819,0.9452499747276306,5600
113,0.9275804758071899,0.9288750290870667,356.0,213.0,3787.0,3644.0,0.9297271370887756,0.9272500276565552,150.0,432.0,3568.0,3850.0,0.9950124621391296,0.9950000047683716,10.0,30.0,3970.0,3990.0,0.925301194190979,0.9263749718666077,352.0,237.0,3763.0,3648.0,0.12604381144046783,0.9443749785423279,5650
114,0.9371581673622131,0.9353749752044678,145.0,372.0,3628.0,3855.0,0.9301562905311584,0.9307500123977661,311.0,243.0,3757.0,3689.0,0.9934104084968567,0.9933750033378601,5.0,48.0,3952.0,3995.0,0.93244868516922,0.9300000071525574,135.0,425.0,3575.0,3865.0,0.12077688425779343,0.9473749995231628,5700
115,0.9314861297607422,0.9319999814033508,302.0,242.0,3758.0,3698.0,0.9253350496292114,0.9268749952316284,375.0,210.0,3790.0,3625.0,0.991936445236206,0.9918749928474426,2.0,63.0,3937.0,3998.0,0.9295669794082642,0.9292500019073486,265.0,301.0,3699.0,3735.0,0.12058756500482559,0.9449999928474426,5750
116,0.9375842809677124,0.9363750219345093,177.0,332.0,3668.0,3823.0,0.9350391030311584,0.9346250295639038,236.0,287.0,3713.0,3764.0,0.9918982982635498,0.9918749928474426,21.0,44.0,3956.0,3979.0,0.9338359832763672,0.9319999814033508,161.0,383.0,3617.0,3839.0,0.11904637515544891,0.9487187266349792,5800
117,0.93864506483078,0.937624990940094,183.0,316.0,3684.0,3817.0,0.9327297806739807,0.9331250190734863,291.0,244.0,3756.0,3709.0,0.9939016699790955,0.9938750267028809,7.0,42.0,3958.0,3993.0,0.9340336918830872,0.9325000047683716,177.0,363.0,3637.0,3823.0,0.11698544025421143,0.9492812752723694,5850
118,0.9341302514076233,0.9338750243186951,249.0,280.0,3720.0,3751.0,0.9286437034606934,0.9294999837875366,330.0,234.0,3766.0,3670.0,0.9894736409187317,0.9893749952316284,5.0,80.0,3920.0,3995.0,0.9291552901268005,0.9284999966621399,249.0,323.0,3677.0,3751.0,0.12286272644996643,0.9453125,5900
119,0.9367088079452515,0.9356250166893005,189.0,326.0,3674.0,3811.0,0.9329438805580139,0.9311249852180481,167.0,384.0,3616.0,3833.0,0.991669774055481,0.9916250109672546,12.0,55.0,3945.0,3988.0,0.931506872177124,0.9300000071525574,192.0,368.0,3632.0,3808.0,0.12348750978708267,0.9470937252044678,5950
120,0.9376920461654663,0.9366250038146973,185.0,322.0,3678.0,3815.0,0.9321743249893188,0.9307500123977661,193.0,361.0,3639.0,3807.0,0.9925280213356018,0.9925000071525574,15.0,45.0,3955.0,3985.0,0.9322075843811035,0.9307500123977661,191.0,363.0,3637.0,3809.0,0.12100153416395187,0.9476562738418579,6000
121,0.9358848929405212,0.934249997138977,161.0,365.0,3635.0,3839.0,0.9203928709030151,0.9229999780654907,439.0,177.0,3823.0,3561.0,0.9928989410400391,0.9928749799728394,15.0,42.0,3958.0,3985.0,0.9340939521789551,0.9321249723434448,152.0,391.0,3609.0,3848.0,0.12438909709453583,0.945562481880188,6050
122,0.9375924468040466,0.9367499947547913,199.0,307.0,3693.0,3801.0,0.929648220539093,0.9300000071525574,300.0,260.0,3740.0,3700.0,0.9937531352043152,0.9937499761581421,23.0,27.0,3973.0,3977.0,0.9321244955062866,0.9307500123977661,196.0,358.0,3642.0,3804.0,0.12074729800224304,0.9478124976158142,6100
123,0.9285261034965515,0.9296249747276306,343.0,220.0,3780.0,3657.0,0.9242262244224548,0.9201250076293945,103.0,536.0,3464.0,3897.0,0.9926717877388,0.9926249980926514,4.0,55.0,3945.0,3996.0,0.9234456419944763,0.9241250157356262,339.0,268.0,3732.0,3661.0,0.1290956437587738,0.9416249990463257,6150
124,0.9298023581504822,0.9307500123977661,331.0,223.0,3777.0,3669.0,0.9235106110572815,0.9253749847412109,396.0,201.0,3799.0,3604.0,0.9908257126808167,0.9907500147819519,4.0,70.0,3930.0,3996.0,0.9241049289703369,0.9247499704360962,335.0,267.0,3733.0,3665.0,0.12262897938489914,0.9429062604904175,6200
125,0.9301795959472656,0.9309999942779541,323.0,229.0,3771.0,3677.0,0.9334784746170044,0.9312499761581421,141.0,409.0,3591.0,3859.0,0.9918073415756226,0.9917500019073486,5.0,61.0,3939.0,3995.0,0.9258840084075928,0.9263749718666077,321.0,268.0,3732.0,3679.0,0.12063351273536682,0.9450937509536743,6250
126,0.9356305003166199,0.9327499866485596,90.0,448.0,3552.0,3910.0,0.9351919293403625,0.9337499737739563,176.0,354.0,3646.0,3824.0,0.994275689125061,0.9942499995231628,5.0,41.0,3959.0,3995.0,0.936367928981781,0.9332500100135803,71.0,463.0,3537.0,3929.0,0.1323729008436203,0.9484999775886536,6300
127,0.9304038882255554,0.9315000176429749,337.0,211.0,3789.0,3663.0,0.9282005429267883,0.9291250109672546,335.0,232.0,3768.0,3665.0,0.9898414611816406,0.9897500276565552,5.0,77.0,3923.0,3995.0,0.9266008138656616,0.9275000095367432,339.0,241.0,3759.0,3661.0,0.12243607640266418,0.9444687366485596,6350
128,0.9329431653022766,0.9312499761581421,174.0,376.0,3624.0,3826.0,0.9254085421562195,0.9212499856948853,92.0,538.0,3462.0,3908.0,0.991306483745575,0.9912499785423279,9.0,61.0,3939.0,3991.0,0.9325747489929199,0.9303749799728394,148.0,409.0,3591.0,3852.0,0.12780092656612396,0.9435312747955322,6400
129,0.9369234442710876,0.9367499947547913,242.0,264.0,3736.0,3758.0,0.9356526136398315,0.9338750243186951,154.0,375.0,3625.0,3846.0,0.9933988451957703,0.9933750033378601,12.0,41.0,3959.0,3988.0,0.935579776763916,0.9350000023841858,224.0,296.0,3704.0,3776.0,0.11552950739860535,0.9497500061988831,6450
130,0.9365214705467224,0.9346250295639038,142.0,381.0,3619.0,3858.0,0.9356276988983154,0.9350000023841858,221.0,299.0,3701.0,3779.0,0.9925112128257751,0.9925000071525574,24.0,36.0,3964.0,3976.0,0.935340166091919,0.9328749775886536,116.0,421.0,3579.0,3884.0,0.11929765343666077,0.9487500190734863,6500
131,0.9402912855148315,0.9384999871253967,126.0,366.0,3634.0,3874.0,0.9363514184951782,0.9346250295639038,153.0,370.0,3630.0,3847.0,0.9948897361755371,0.9948750138282776,9.0,32.0,3968.0,3991.0,0.9379143714904785,0.9356250166893005,110.0,405.0,3595.0,3890.0,0.1155613362789154,0.9509062767028809,6550
132,0.9393171668052673,0.937125027179718,107.0,396.0,3604.0,3893.0,0.9381557703018188,0.937375009059906,200.0,301.0,3699.0,3800.0,0.995015025138855,0.9950000047683716,8.0,32.0,3968.0,3992.0,0.9370360970497131,0.934249997138977,86.0,440.0,3560.0,3914.0,0.11416108906269073,0.9509375095367432,6600
133,0.9380267262458801,0.9375,216.0,284.0,3716.0,3784.0,0.9345590472221375,0.9323750138282776,137.0,404.0,3596.0,3863.0,0.9922693371772766,0.9922500252723694,21.0,41.0,3959.0,3979.0,0.9327907562255859,0.9318749904632568,218.0,327.0,3673.0,3782.0,0.11901702731847763,0.9484999775886536,6650
134,0.9418418407440186,0.9408749938011169,170.0,303.0,3697.0,3830.0,0.9345590472221375,0.9323750138282776,137.0,404.0,3596.0,3863.0,0.995015025138855,0.9950000047683716,8.0,32.0,3968.0,3992.0,0.9357439279556274,0.934249997138977,170.0,356.0,3644.0,3830.0,0.1164914071559906,0.9506250023841858,6700
135,0.93684983253479,0.9362499713897705,217.0,293.0,3707.0,3783.0,0.9358153343200684,0.9336249828338623,129.0,402.0,3598.0,3871.0,0.9930348992347717,0.9929999709129333,8.0,48.0,3952.0,3992.0,0.9339715242385864,0.9327499866485596,195.0,343.0,3657.0,3805.0,0.11609812825918198,0.9489062428474426,6750
136,0.9368564486503601,0.9363750219345093,224.0,285.0,3715.0,3776.0,0.9293575286865234,0.9309999942779541,369.0,183.0,3817.0,3631.0,0.9914466142654419,0.9913750290870667,1.0,68.0,3932.0,3999.0,0.9341051578521729,0.9331250190734863,208.0,327.0,3673.0,3792.0,0.115041583776474,0.9479687213897705,6800
137,0.9204089641571045,0.9231250286102295,444.0,171.0,3829.0,3556.0,0.9309764504432678,0.9282500147819519,129.0,445.0,3555.0,3871.0,0.9929201602935791,0.9928749799728394,3.0,54.0,3946.0,3997.0,0.9181339144706726,0.9203749895095825,428.0,209.0,3791.0,3572.0,0.12962503731250763,0.941156268119812,6850
138,0.9369481205940247,0.9366250038146973,233.0,274.0,3726.0,3767.0,0.9292953014373779,0.925000011920929,57.0,543.0,3457.0,3943.0,0.9918155074119568,0.9917500019073486,1.0,65.0,3935.0,3999.0,0.9333006143569946,0.9321249723434448,201.0,342.0,3658.0,3799.0,0.12091083079576492,0.9463750123977661,6900
139,0.9394714832305908,0.937874972820282,143.0,354.0,3646.0,3857.0,0.9366570115089417,0.934249997138977,111.0,415.0,3585.0,3889.0,0.9953916668891907,0.9953749775886536,4.0,33.0,3967.0,3996.0,0.9354566335678101,0.9331250190734863,123.0,412.0,3588.0,3877.0,0.11959222704172134,0.9501562714576721,6950
140,0.9320314526557922,0.9330000281333923,325.0,211.0,3789.0,3675.0,0.9287735819816589,0.9244999885559082,62.0,542.0,3458.0,3938.0,0.9934186339378357,0.9933750033378601,0.0,53.0,3947.0,4000.0,0.9293183088302612,0.9298750162124634,312.0,249.0,3751.0,3688.0,0.11923976242542267,0.945187509059906,7000
141,0.9421814680099487,0.9416249990463257,195.0,272.0,3728.0,3805.0,0.9351106286048889,0.9355000257492065,282.0,234.0,3766.0,3718.0,0.9946444034576416,0.9946249723434448,7.0,36.0,3964.0,3993.0,0.9353528618812561,0.934374988079071,202.0,323.0,3677.0,3798.0,0.11197298020124435,0.9515312314033508,7050
142,0.9337072968482971,0.9350000023841858,338.0,182.0,3818.0,3662.0,0.9051114916801453,0.9111250042915344,609.0,102.0,3898.0,3391.0,0.9951486587524414,0.9951249957084656,0.0,39.0,3961.0,4000.0,0.9313923120498657,0.9322500228881836,321.0,221.0,3779.0,3679.0,0.12092595547437668,0.9433749914169312,7100
143,0.9269832968711853,0.9277499914169312,331.0,247.0,3753.0,3669.0,0.9276713132858276,0.9282500147819519,319.0,255.0,3745.0,3681.0,0.9844284057617188,0.984624981880188,112.0,11.0,3989.0,3888.0,0.9253620505332947,0.9252499938011169,293.0,305.0,3695.0,3707.0,0.13713791966438293,0.9414687752723694,7150
144,0.9373303651809692,0.9365000128746033,201.0,307.0,3693.0,3799.0,0.9267920851707458,0.9279999732971191,354.0,222.0,3778.0,3646.0,0.9910581111907959,0.9909999966621399,10.0,62.0,3938.0,3990.0,0.9335613250732422,0.9319999814033508,178.0,366.0,3634.0,3822.0,0.12308401614427567,0.9468749761581421,7200
145,0.9328774213790894,0.9337499737739563,317.0,213.0,3787.0,3683.0,0.9355999827384949,0.9351249933242798,230.0,289.0,3711.0,3770.0,0.9925539493560791,0.9925000071525574,1.0,59.0,3941.0,3999.0,0.9308444261550903,0.9309999942779541,285.0,267.0,3733.0,3715.0,0.11577562242746353,0.9480937719345093,7250
146,0.9415061473846436,0.9399999976158142,137.0,343.0,3657.0,3863.0,0.9384093284606934,0.9365000128746033,130.0,378.0,3622.0,3870.0,0.9948935508728027,0.9948750138282776,6.0,35.0,3965.0,3994.0,0.9381044507026672,0.9359999895095825,120.0,392.0,3608.0,3880.0,0.11180216819047928,0.9518437385559082,7300
147,0.9314088821411133,0.9328749775886536,354.0,183.0,3817.0,3646.0,0.9382117390632629,0.9362499713897705,128.0,382.0,3618.0,3872.0,0.9940298795700073,0.9940000176429749,4.0,44.0,3956.0,3996.0,0.9276940822601318,0.9286249876022339,337.0,234.0,3766.0,3663.0,0.11620895564556122,0.9479374885559082,7350
148,0.9360253214836121,0.9366250038146973,291.0,216.0,3784.0,3709.0,0.9342890977859497,0.9312499761581421,90.0,460.0,3540.0,3910.0,0.9943743348121643,0.9943749904632568,23.0,22.0,3978.0,3977.0,0.9311122298240662,0.9312499761581421,283.0,267.0,3733.0,3717.0,0.11525659263134003,0.9483749866485596,7400
149,0.9394884705543518,0.9393749833106995,235.0,250.0,3750.0,3765.0,0.9312922954559326,0.9276250004768372,76.0,503.0,3497.0,3924.0,0.9950186610221863,0.9950000047683716,5.0,35.0,3965.0,3995.0,0.9353517889976501,0.9348750114440918,231.0,290.0,3710.0,3769.0,0.11767005920410156,0.94921875,7450
150,0.9395726323127747,0.9384999871253967,175.0,317.0,3683.0,3825.0,0.9383410811424255,0.9369999766349792,165.0,339.0,3661.0,3835.0,0.9929236173629761,0.9928749799728394,1.0,56.0,3944.0,3999.0,0.9357753396034241,0.934249997138977,168.0,358.0,3642.0,3832.0,0.11413111537694931,0.9506562352180481,7500
151,0.9395221471786499,0.9392499923706055,225.0,261.0,3739.0,3775.0,0.9349458813667297,0.9361249804496765,328.0,183.0,3817.0,3672.0,0.9968793392181396,0.996874988079071,7.0,18.0,3982.0,3993.0,0.9394912123680115,0.9387500286102295,196.0,294.0,3706.0,3804.0,0.10855630040168762,0.952750027179718,7550
152,0.9319197535514832,0.9333750009536743,352.0,181.0,3819.0,3648.0,0.9371258020401001,0.9369999766349792,244.0,260.0,3740.0,3756.0,0.9941563606262207,0.9941250085830688,2.0,45.0,3955.0,3998.0,0.9266802072525024,0.9279999732971191,360.0,216.0,3784.0,3640.0,0.11342941224575043,0.9481250047683716,7600
153,0.9402245283126831,0.9381250143051147,107.0,388.0,3612.0,3893.0,0.9350845813751221,0.9357500076293945,298.0,216.0,3784.0,3702.0,0.9934772253036499,0.9934999942779541,40.0,12.0,3988.0,3960.0,0.9372294545173645,0.9347500205039978,103.0,419.0,3581.0,3897.0,0.11892831325531006,0.9505312442779541,7650
154,0.9309378266334534,0.9322500228881836,347.0,195.0,3805.0,3653.0,0.9197317361831665,0.9132500290870667,24.0,670.0,3330.0,3976.0,0.9910802841186523,0.9909999966621399,0.0,72.0,3928.0,4000.0,0.9230964779853821,0.9241250157356262,357.0,250.0,3750.0,3643.0,0.13119298219680786,0.9401562213897705,7700
155,0.9411764740943909,0.9398750066757202,152.0,329.0,3671.0,3848.0,0.9365609884262085,0.9334999918937683,73.0,459.0,3541.0,3927.0,0.9958837628364563,0.9958750009536743,8.0,25.0,3975.0,3992.0,0.9374009370803833,0.9358749985694885,159.0,354.0,3646.0,3841.0,0.1115315705537796,0.9512812495231628,7750
156,0.9399925470352173,0.9396250247955322,217.0,266.0,3734.0,3783.0,0.9399406909942627,0.9392499923706055,197.0,289.0,3711.0,3803.0,0.9921865463256836,0.9921249747276306,0.0,63.0,3937.0,4000.0,0.9314356446266174,0.9307500123977661,237.0,317.0,3683.0,3763.0,0.11406416445970535,0.9504374861717224,7800
157,0.9404420256614685,0.9403749704360962,234.0,243.0,3757.0,3766.0,0.9210628867149353,0.9238749742507935,447.0,162.0,3838.0,3553.0,0.9948960542678833,0.9948750138282776,4.0,37.0,3963.0,3996.0,0.9340468049049377,0.9337499737739563,247.0,283.0,3717.0,3753.0,0.11369746178388596,0.9482187628746033,7850
158,0.9193882942199707,0.922249972820282,453.0,169.0,3831.0,3547.0,0.9350059628486633,0.9319999814033508,87.0,457.0,3543.0,3913.0,0.9891196489334106,0.9890000224113464,0.0,88.0,3912.0,4000.0,0.9155383110046387,0.9181249737739563,450.0,205.0,3795.0,3550.0,0.1297912746667862,0.9403437376022339,7900
159,0.9426860213279724,0.9413750171661377,143.0,326.0,3674.0,3857.0,0.9434239864349365,0.9422500133514404,148.0,314.0,3686.0,3852.0,0.9968776702880859,0.996874988079071,9.0,16.0,3984.0,3991.0,0.9389386773109436,0.9369999766349792,125.0,379.0,3621.0,3875.0,0.11384568363428116,0.9543750286102295,7950
160,0.9367280602455139,0.937250018119812,284.0,218.0,3782.0,3716.0,0.9388673901557922,0.9388750195503235,245.0,244.0,3756.0,3755.0,0.9952677488327026,0.9952499866485596,4.0,34.0,3966.0,3996.0,0.9362549781799316,0.9359999895095825,240.0,272.0,3728.0,3760.0,0.10702590644359589,0.9518437385559082,8000
161,0.9383020401000977,0.9375,198.0,302.0,3698.0,3802.0,0.9342955350875854,0.9351249933242798,310.0,209.0,3791.0,3690.0,0.9946309924125671,0.9946249723434448,17.0,26.0,3974.0,3983.0,0.9381330013275146,0.9366250038146973,156.0,351.0,3649.0,3844.0,0.11237684637308121,0.9509687423706055,8050
162,0.9388777017593384,0.9390000104904175,252.0,236.0,3764.0,3748.0,0.942568838596344,0.9423750042915344,217.0,244.0,3756.0,3783.0,0.9937872886657715,0.9937499761581421,1.0,49.0,3951.0,3999.0,0.9353196620941162,0.9348750114440918,233.0,288.0,3712.0,3767.0,0.10826901346445084,0.9524999856948853,8100
163,0.9390663504600525,0.9380000233650208,178.0,318.0,3682.0,3822.0,0.937484860420227,0.9355000257492065,131.0,385.0,3615.0,3869.0,0.9937841892242432,0.9937499761581421,3.0,47.0,3953.0,3997.0,0.9346894025802612,0.9333750009536743,186.0,347.0,3653.0,3814.0,0.11605390906333923,0.9501562714576721,8150
164,0.9411184787750244,0.9402499794960022,180.0,298.0,3702.0,3820.0,0.9418390989303589,0.940625011920929,154.0,321.0,3679.0,3846.0,0.9967564940452576,0.996749997138977,5.0,21.0,3979.0,3995.0,0.9389405846595764,0.937749981880188,171.0,327.0,3673.0,3829.0,0.10669215023517609,0.9538437724113464,8200
165,0.9415270090103149,0.9411249756813049,208.0,263.0,3737.0,3792.0,0.9387189745903015,0.9391250014305115,270.0,217.0,3783.0,3730.0,0.995888888835907,0.9958750009536743,3.0,30.0,3970.0,3997.0,0.9378475546836853,0.937125027179718,205.0,298.0,3702.0,3795.0,0.10627714544534683,0.9533125162124634,8250
166,0.9362943768501282,0.937250018119812,311.0,191.0,3809.0,3689.0,0.9401796460151672,0.9408749938011169,283.0,190.0,3810.0,3717.0,0.9947683215141296,0.9947500228881836,7.0,35.0,3965.0,3993.0,0.9319503903388977,0.9327499866485596,316.0,222.0,3778.0,3684.0,0.10705491900444031,0.9514062404632568,8300
167,0.9382869005203247,0.9375,199.0,301.0,3699.0,3801.0,0.9422604441642761,0.9412500262260437,165.0,305.0,3695.0,3835.0,0.9929806590080261,0.9929999709129333,39.0,17.0,3983.0,3961.0,0.9365351796150208,0.9352499842643738,178.0,340.0,3660.0,3822.0,0.118042953312397,0.9517499804496765,8350
168,0.9450984597206116,0.9446250200271606,187.0,256.0,3744.0,3813.0,0.938829779624939,0.9367499947547913,117.0,389.0,3611.0,3883.0,0.9952712655067444,0.9952499866485596,1.0,37.0,3963.0,3999.0,0.9374538064002991,0.9365000128746033,193.0,315.0,3685.0,3807.0,0.10761614143848419,0.9532812237739563,8400
169,0.929530143737793,0.9317499995231628,399.0,147.0,3853.0,3601.0,0.9286386966705322,0.9242500066757202,57.0,549.0,3451.0,3943.0,0.9936622977256775,0.9936249852180481,2.0,49.0,3951.0,3998.0,0.9226817488670349,0.9247499704360962,408.0,194.0,3806.0,3592.0,0.12404295057058334,0.9435937404632568,8450
170,0.9421858191490173,0.9418749809265137,211.0,254.0,3746.0,3789.0,0.9442893266677856,0.9426249861717224,110.0,349.0,3651.0,3890.0,0.994770884513855,0.9947500228881836,5.0,37.0,3963.0,3995.0,0.9388613700866699,0.9382500052452087,207.0,287.0,3713.0,3793.0,0.1092967689037323,0.9543750286102295,8500
171,0.932456374168396,0.9332500100135803,314.0,220.0,3780.0,3686.0,0.9395301938056946,0.9394999742507935,240.0,244.0,3756.0,3760.0,0.9937857389450073,0.9937499761581421,2.0,48.0,3952.0,3998.0,0.9338874220848083,0.934374988079071,292.0,233.0,3767.0,3708.0,0.1097223088145256,0.9502187371253967,8550
172,0.9372270107269287,0.937125027179718,245.0,258.0,3742.0,3755.0,0.9382899403572083,0.937749981880188,214.0,284.0,3716.0,3786.0,0.995376706123352,0.9953749775886536,17.0,20.0,3980.0,3983.0,0.9376854300498962,0.9369999766349792,208.0,296.0,3704.0,3792.0,0.10906550288200378,0.9518125057220459,8600
173,0.9363511204719543,0.9363750219345093,256.0,253.0,3747.0,3744.0,0.9297131896018982,0.9252499938011169,45.0,553.0,3447.0,3955.0,0.9926717877388,0.9926249980926514,4.0,55.0,3945.0,3996.0,0.9317079186439514,0.9313750267028809,255.0,294.0,3706.0,3745.0,0.12214025855064392,0.9464062452316284,8650
174,0.9420343041419983,0.9413750171661377,189.0,280.0,3720.0,3811.0,0.9404085874557495,0.9383749961853027,110.0,383.0,3617.0,3890.0,0.9935404062271118,0.9934999942779541,1.0,51.0,3949.0,3999.0,0.9368510842323303,0.9353749752044678,165.0,352.0,3648.0,3835.0,0.11469517648220062,0.9521562457084656,8700
175,0.9391517639160156,0.9381250143051147,180.0,315.0,3685.0,3820.0,0.9265492558479309,0.9296249747276306,449.0,114.0,3886.0,3551.0,0.9946175813674927,0.9946249723434448,27.0,16.0,3984.0,3973.0,0.9380336999893188,0.9365000128746033,155.0,353.0,3647.0,3845.0,0.1221374049782753,0.9497187733650208,8750
176,0.9386727213859558,0.9391250014305115,273.0,214.0,3786.0,3727.0,0.9434055685997009,0.9428750276565552,191.0,266.0,3734.0,3809.0,0.9944050312042236,0.9943749904632568,1.0,44.0,3956.0,3999.0,0.9367499947547913,0.9367499947547913,253.0,253.0,3747.0,3747.0,0.10623935610055923,0.9532812237739563,8800
177,0.935137927532196,0.9365000128746033,338.0,170.0,3830.0,3662.0,0.9444026947021484,0.9445000290870667,229.0,215.0,3785.0,3771.0,0.9953882694244385,0.9953749775886536,7.0,30.0,3970.0,3993.0,0.9327252507209778,0.9336249828338623,319.0,212.0,3788.0,3681.0,0.10743136703968048,0.9524999856948853,8850
178,0.9413073062896729,0.940625011920929,191.0,284.0,3716.0,3809.0,0.9358481168746948,0.9332500100135803,105.0,429.0,3571.0,3895.0,0.9950050115585327,0.9950000047683716,16.0,24.0,3976.0,3984.0,0.9365841746330261,0.9356250166893005,197.0,318.0,3682.0,3803.0,0.11421767622232437,0.9511250257492065,8900
179,0.9397532343864441,0.937749981880188,116.0,382.0,3618.0,3884.0,0.9414945840835571,0.940500020980835,170.0,306.0,3694.0,3830.0,0.9957584142684937,0.9957500100135803,9.0,25.0,3975.0,3991.0,0.9391345977783203,0.9368749856948853,104.0,401.0,3599.0,3896.0,0.11107981950044632,0.9527187347412109,8950
180,0.9390154480934143,0.937749981880188,166.0,332.0,3668.0,3834.0,0.9307446479797363,0.9268749952316284,69.0,516.0,3484.0,3931.0,0.994275689125061,0.9942499995231628,5.0,41.0,3959.0,3995.0,0.9343100786209106,0.9327499866485596,174.0,364.0,3636.0,3826.0,0.1213015615940094,0.9479062557220459,9000
181,0.9373968839645386,0.9383749961853027,309.0,184.0,3816.0,3691.0,0.9331626296043396,0.9347500205039978,356.0,166.0,3834.0,3644.0,0.995517909526825,0.9955000281333923,2.0,34.0,3966.0,3998.0,0.9328283071517944,0.9334999918937683,306.0,226.0,3774.0,3694.0,0.11106065660715103,0.9505312442779541,9050
182,0.9416429400444031,0.9411249756813049,200.0,271.0,3729.0,3800.0,0.9394505023956299,0.9391250014305115,222.0,265.0,3735.0,3778.0,0.9961293935775757,0.9961249828338623,11.0,20.0,3980.0,3989.0,0.9382291436195374,0.937125027179718,180.0,323.0,3677.0,3820.0,0.10736389458179474,0.953374981880188,9100
183,0.9392529129981995,0.9396250247955322,266.0,217.0,3783.0,3734.0,0.9405964612960815,0.9382500052452087,89.0,405.0,3595.0,3911.0,0.9940328001976013,0.9940000176429749,2.0,46.0,3954.0,3998.0,0.9357545375823975,0.9358749985694885,264.0,249.0,3751.0,3736.0,0.10838392376899719,0.9519374966621399,9150
184,0.9411472082138062,0.9408749938011169,218.0,255.0,3745.0,3782.0,0.9376053810119629,0.9352499842643738,108.0,410.0,3590.0,3892.0,0.9939122796058655,0.9938750267028809,0.0,49.0,3951.0,4000.0,0.9348922967910767,0.9338750243186951,202.0,327.0,3673.0,3798.0,0.11195012181997299,0.9509687423706055,9200
185,0.9397380352020264,0.9396250247955322,234.0,249.0,3751.0,3766.0,0.9316098093986511,0.9272500276565552,36.0,546.0,3454.0,3964.0,0.9919404983520508,0.9918749928474426,0.0,65.0,3935.0,4000.0,0.9356318712234497,0.9351249933242798,228.0,291.0,3709.0,3772.0,0.11554822325706482,0.9484687447547913,9250
186,0.943187415599823,0.9422500133514404,165.0,297.0,3703.0,3835.0,0.9422200322151184,0.9413750171661377,176.0,293.0,3707.0,3824.0,0.9968816041946411,0.996874988079071,4.0,21.0,3979.0,3996.0,0.9382201433181763,0.9369999766349792,173.0,331.0,3669.0,3827.0,0.10482649505138397,0.9543750286102295,9300
187,0.9370735287666321,0.937749981880188,292.0,206.0,3794.0,3708.0,0.9431255459785461,0.9424999952316284,186.0,274.0,3726.0,3814.0,0.99625563621521,0.9962499737739563,9.0,21.0,3979.0,3991.0,0.9330817461013794,0.9334999918937683,291.0,241.0,3759.0,3709.0,0.1061345636844635,0.9524999856948853,9350
188,0.9421752095222473,0.9412500262260437,171.0,299.0,3701.0,3829.0,0.9304235577583313,0.9258750081062317,35.0,558.0,3442.0,3965.0,0.9951341152191162,0.9951249957084656,12.0,27.0,3973.0,3988.0,0.9388555288314819,0.937624990940094,169.0,330.0,3670.0,3831.0,0.11271089315414429,0.9499687552452087,9400
189,0.9431553483009338,0.9421250224113464,159.0,304.0,3696.0,3841.0,0.9427978992462158,0.9413750171661377,135.0,334.0,3666.0,3865.0,0.9973792433738708,0.9973750114440918,4.0,17.0,3983.0,3996.0,0.9430317878723145,0.9417499899864197,143.0,323.0,3677.0,3857.0,0.1061280369758606,0.9556562304496765,9450
190,0.941568911075592,0.9408749938011169,189.0,284.0,3716.0,3811.0,0.9452586770057678,0.9453750252723694,227.0,210.0,3790.0,3773.0,0.9968807697296143,0.996874988079071,5.0,20.0,3980.0,3995.0,0.9391025900840759,0.9382500052452087,191.0,303.0,3697.0,3809.0,0.10773316770792007,0.9553437232971191,9500
191,0.942302942276001,0.9419999718666077,211.0,253.0,3747.0,3789.0,0.9335551857948303,0.9301249980926514,73.0,486.0,3514.0,3927.0,0.9945287704467773,0.9944999814033508,1.0,43.0,3957.0,3999.0,0.9375,0.9367499947547913,205.0,301.0,3699.0,3795.0,0.10922970622777939,0.9508437514305115,9550
192,0.9451987147331238,0.9445000290870667,171.0,273.0,3727.0,3829.0,0.9385976195335388,0.9401249885559082,339.0,140.0,3860.0,3661.0,0.994865357875824,0.9948750138282776,28.0,13.0,3987.0,3972.0,0.9410318732261658,0.9399999976158142,170.0,310.0,3690.0,3830.0,0.10922782868146896,0.9548749923706055,9600
193,0.9463294744491577,0.9456250071525574,165.0,270.0,3730.0,3835.0,0.942909300327301,0.9413750171661377,127.0,342.0,3658.0,3873.0,0.9960020184516907,0.9959999918937683,14.0,18.0,3982.0,3986.0,0.94036465883255,0.9394999742507935,184.0,300.0,3700.0,3816.0,0.10593312978744507,0.9556249976158142,9650
194,0.9412194490432739,0.9396250247955322,133.0,350.0,3650.0,3867.0,0.938321590423584,0.9390000104904175,288.0,200.0,3800.0,3712.0,0.9918372631072998,0.9918749928474426,51.0,14.0,3986.0,3949.0,0.938735842704773,0.9368749856948853,131.0,374.0,3626.0,3869.0,0.11414363235235214,0.9518437385559082,9700
195,0.9446277618408203,0.9433749914169312,136.0,317.0,3683.0,3864.0,0.9320826530456543,0.9284999966621399,75.0,497.0,3503.0,3925.0,0.9952689409255981,0.9952499866485596,3.0,35.0,3965.0,3997.0,0.9399293661117554,0.9383749961853027,143.0,350.0,3650.0,3857.0,0.11039406061172485,0.9513750076293945,9750
196,0.9364014863967896,0.937125027179718,297.0,206.0,3794.0,3703.0,0.933520495891571,0.9348750114440918,342.0,179.0,3821.0,3658.0,0.9919385313987732,0.9918749928474426,1.0,64.0,3936.0,3999.0,0.9309476017951965,0.9315000176429749,306.0,242.0,3758.0,3694.0,0.113629549741745,0.948843777179718,9800
197,0.9373655319213867,0.9381250143051147,296.0,199.0,3801.0,3704.0,0.9448190331459045,0.9447500109672546,216.0,226.0,3774.0,3784.0,0.9961389899253845,0.9961249828338623,1.0,30.0,3970.0,3999.0,0.9347744584083557,0.9351249933242798,281.0,238.0,3762.0,3719.0,0.10638606548309326,0.9535312652587891,9850
198,0.9462418556213379,0.9453750252723694,154.0,283.0,3717.0,3846.0,0.9442559480667114,0.9424999952316284,104.0,356.0,3644.0,3896.0,0.9962621331214905,0.9962499737739563,2.0,28.0,3972.0,3998.0,0.941032886505127,0.9396250247955322,146.0,337.0,3663.0,3854.0,0.10148154944181442,0.9559375047683716,9900
199,0.9433914422988892,0.9436249732971191,242.0,209.0,3791.0,3758.0,0.9406250715255737,0.9382500052452087,87.0,407.0,3593.0,3913.0,0.997381865978241,0.9973750114440918,0.0,21.0,3979.0,4000.0,0.9372270107269287,0.937125027179718,245.0,258.0,3742.0,3755.0,0.10433128476142883,0.9540937542915344,9950
200,0.9417377710342407,0.9419999718666077,250.0,214.0,3786.0,3750.0,0.9368346929550171,0.9332500100135803,40.0,494.0,3506.0,3960.0,0.9932903051376343,0.9932500123977661,3.0,51.0,3949.0,3997.0,0.9362127184867859,0.9361249804496765,250.0,261.0,3739.0,3750.0,0.1130308136343956,0.9511562585830688,10000
201,0.9455715417861938,0.9449999928474426,178.0,262.0,3738.0,3822.0,0.9472534656524658,0.9456250071525574,94.0,341.0,3659.0,3906.0,0.9946497678756714,0.9946249723434448,3.0,40.0,3960.0,3997.0,0.9397293925285339,0.9387500286102295,180.0,310.0,3690.0,3820.0,0.10555455088615417,0.9559999704360962,10050
202,0.939324676990509,0.9402499794960022,300.0,178.0,3822.0,3700.0,0.9446893930435181,0.9451249837875366,251.0,188.0,3812.0,3749.0,0.9957680106163025,0.9957500100135803,0.0,34.0,3966.0,4000.0,0.9343268871307373,0.9350000023841858,301.0,219.0,3781.0,3699.0,0.10543257743120193,0.954031229019165,10100
203,0.9451044201850891,0.9451249837875366,221.0,218.0,3782.0,3779.0,0.937203049659729,0.9388750195503235,351.0,138.0,3862.0,3649.0,0.9952701330184937,0.9952499866485596,2.0,36.0,3964.0,3998.0,0.939171552658081,0.9388750195503235,225.0,264.0,3736.0,3775.0,0.10503008961677551,0.9545312523841858,10150
204,0.942853569984436,0.9423750042915344,197.0,264.0,3736.0,3803.0,0.9457846283912659,0.9455000162124634,197.0,239.0,3761.0,3803.0,0.9968831539154053,0.996874988079071,2.0,23.0,3977.0,3998.0,0.9397263526916504,0.9388750195503235,188.0,301.0,3699.0,3812.0,0.10325200855731964,0.9559062719345093,10200
205,0.9382346272468567,0.9382500052452087,248.0,246.0,3754.0,3752.0,0.9414300322532654,0.9422500133514404,287.0,175.0,3825.0,3713.0,0.9943938851356506,0.9943749904632568,9.0,36.0,3964.0,3991.0,0.9391196966171265,0.9386249780654907,213.0,278.0,3722.0,3787.0,0.11386431753635406,0.953374981880188,10250
206,0.9405704140663147,0.9408749938011169,257.0,216.0,3784.0,3743.0,0.948698878288269,0.9482499957084656,172.0,242.0,3758.0,3828.0,0.9963781833648682,0.9963750243186951,11.0,18.0,3982.0,3989.0,0.9404451251029968,0.9401249885559082,218.0,261.0,3739.0,3782.0,0.10115757584571838,0.9564062356948853,10300
207,0.9378172755241394,0.9387500286102295,305.0,185.0,3815.0,3695.0,0.9472111463546753,0.9470000267028809,196.0,228.0,3772.0,3804.0,0.9962565898895264,0.9962499737739563,8.0,22.0,3978.0,3992.0,0.9348755478858948,0.9352499842643738,282.0,236.0,3764.0,3718.0,0.10396253317594528,0.9543125033378601,10350
208,0.9452004432678223,0.9441249966621399,145.0,302.0,3698.0,3855.0,0.943634569644928,0.9419999718666077,116.0,348.0,3652.0,3884.0,0.9976276755332947,0.9976249933242798,5.0,14.0,3986.0,3995.0,0.9418079853057861,0.9403749704360962,140.0,337.0,3663.0,3860.0,0.10334263741970062,0.9560312628746033,10400
209,0.9432239532470703,0.9424999952316284,179.0,281.0,3719.0,3821.0,0.9408629536628723,0.9417499899864197,293.0,173.0,3827.0,3707.0,0.9961177110671997,0.9961249828338623,23.0,8.0,3992.0,3977.0,0.9411476850509644,0.9399999976158142,162.0,318.0,3682.0,3838.0,0.10629075020551682,0.9550937414169312,10450
210,0.9373088479042053,0.9384999871253967,322.0,170.0,3830.0,3678.0,0.9464437961578369,0.9451249837875366,121.0,318.0,3682.0,3879.0,0.9970059990882874,0.996999979019165,4.0,20.0,3980.0,3996.0,0.9327252507209778,0.9336249828338623,319.0,212.0,3788.0,3681.0,0.10472745448350906,0.9535624980926514,10500
211,0.9431832432746887,0.9421250224113464,157.0,306.0,3694.0,3843.0,0.9418106079101562,0.940625011920929,156.0,319.0,3681.0,3844.0,0.9952724575996399,0.9952499866485596,0.0,38.0,3962.0,4000.0,0.9398440718650818,0.9382500052452087,141.0,353.0,3647.0,3859.0,0.11321280896663666,0.9540625214576721,10550
212,0.9412059187889099,0.9413750171661377,246.0,223.0,3777.0,3754.0,0.9421713948249817,0.9418749809265137,212.0,253.0,3747.0,3788.0,0.9952665567398071,0.9952499866485596,5.0,33.0,3967.0,3995.0,0.9381827116012573,0.937749981880188,221.0,277.0,3723.0,3779.0,0.10682708770036697,0.9540625214576721,10600
213,0.9446964859962463,0.9436249732971191,148.0,303.0,3697.0,3852.0,0.9466811418533325,0.9448750019073486,85.0,356.0,3644.0,3915.0,0.9976300597190857,0.9976249933242798,1.0,18.0,3982.0,3999.0,0.941534698009491,0.9399999976158142,135.0,345.0,3655.0,3865.0,0.10165160894393921,0.9565312266349792,10650
214,0.9416813850402832,0.9422500133514404,270.0,192.0,3808.0,3730.0,0.9447562098503113,0.9446250200271606,212.0,231.0,3769.0,3788.0,0.9975030422210693,0.9975000023841858,5.0,15.0,3985.0,3995.0,0.9387397170066833,0.9390000104904175,261.0,227.0,3773.0,3739.0,0.103187195956707,0.9558437466621399,10700
215,0.9414130449295044,0.9417499899864197,256.0,210.0,3790.0,3744.0,0.9357344508171082,0.9317499995231628,25.0,521.0,3479.0,3975.0,0.994278609752655,0.9942499995231628,3.0,43.0,3957.0,3997.0,0.9384288787841797,0.9383749961853027,243.0,250.0,3750.0,3757.0,0.11582795530557632,0.9515312314033508,10750
216,0.9387026429176331,0.9398750066757202,317.0,164.0,3836.0,3683.0,0.9474860429763794,0.9471250176429749,184.0,239.0,3761.0,3816.0,0.9965043663978577,0.9965000152587891,9.0,19.0,3981.0,3991.0,0.9355371594429016,0.9366250038146973,321.0,186.0,3814.0,3679.0,0.10193879902362823,0.9550312757492065,10800
217,0.9403287768363953,0.9409999847412109,281.0,191.0,3809.0,3719.0,0.9235802292823792,0.9269999861717224,471.0,113.0,3887.0,3529.0,0.996633768081665,0.9966250061988831,3.0,24.0,3976.0,3997.0,0.9355571866035461,0.9362499713897705,298.0,212.0,3788.0,3702.0,0.11448193341493607,0.9502187371253967,10850
218,0.9456861019134521,0.9456250071525574,213.0,222.0,3778.0,3787.0,0.9511319994926453,0.9506250023841858,156.0,239.0,3761.0,3844.0,0.996999979019165,0.996999979019165,12.0,12.0,3988.0,3988.0,0.939582347869873,0.9392499923706055,221.0,265.0,3735.0,3779.0,0.09728433191776276,0.9581249952316284,10900
219,0.9445549845695496,0.9442499876022339,201.0,245.0,3755.0,3799.0,0.9441218972206116,0.9422500133514404,97.0,365.0,3635.0,3903.0,0.9963862299919128,0.9963750243186951,2.0,27.0,3973.0,3998.0,0.9419035911560059,0.9412500262260437,190.0,280.0,3720.0,3810.0,0.10259483009576797,0.9560312628746033,10950
220,0.9413819313049316,0.9412500262260437,226.0,244.0,3756.0,3774.0,0.9448761940002441,0.9432500004768372,109.0,345.0,3655.0,3891.0,0.9970052242279053,0.996999979019165,5.0,19.0,3981.0,3995.0,0.9408122897148132,0.9402499794960022,201.0,277.0,3723.0,3799.0,0.10301996022462845,0.9554374814033508,11000
221,0.9448173642158508,0.9445000290870667,199.0,245.0,3755.0,3801.0,0.9421607851982117,0.9403749704360962,115.0,362.0,3638.0,3885.0,0.9973766803741455,0.9973750114440918,8.0,13.0,3987.0,3992.0,0.938947319984436,0.9383749961853027,209.0,284.0,3716.0,3791.0,0.10324934870004654,0.9551562666893005,11050
222,0.9372140169143677,0.9382500052452087,313.0,181.0,3819.0,3687.0,0.9377543926239014,0.9350000023841858,83.0,437.0,3563.0,3917.0,0.9953939914703369,0.9953749775886536,2.0,35.0,3965.0,3998.0,0.9330633878707886,0.9338750243186951,313.0,216.0,3784.0,3687.0,0.10981946438550949,0.9506250023841858,11100
223,0.9307464957237244,0.9326249957084656,378.0,161.0,3839.0,3622.0,0.9405419230461121,0.9380000233650208,77.0,419.0,3581.0,3923.0,0.9957668781280518,0.9957500100135803,1.0,33.0,3967.0,3999.0,0.9264047741889954,0.9281250238418579,381.0,194.0,3806.0,3619.0,0.11379224061965942,0.9486250281333923,11150
224,0.9475369453430176,0.9467499852180481,153.0,273.0,3727.0,3847.0,0.9295079708099365,0.9321249723434448,420.0,123.0,3877.0,3580.0,0.9973752498626709,0.9973750114440918,10.0,11.0,3989.0,3990.0,0.9427452683448792,0.9415000081062317,147.0,321.0,3679.0,3853.0,0.11366548389196396,0.9544374942779541,11200
