,BeCertain_F1,BeCertain_accuracy,Knopinion_F1,Knopinion_accuracy,Know_F1,Know_accuracy,Wondows_F1,Wondows_accuracy,global_step,loss,total_accuracy
0,0.5941256880760193,0.5146250128746033,0.6165134310722351,0.5099999904632568,0.6036460995674133,0.5162500143051147,0.635708749294281,0.5322499871253967,1,0.7245935797691345,0.5182812213897705
1,0.5708637237548828,0.5658749938011169,0.5892298221588135,0.5566250085830688,0.575111448764801,0.5591250061988831,0.5963502526283264,0.5603749752044678,51,0.68477463722229,0.5605000257492065
2,0.7073824405670166,0.6586250066757202,0.6915297508239746,0.6340000033378601,0.7112697958946228,0.6461250185966492,0.6473947763442993,0.621874988079071,101,0.6294654607772827,0.6401562690734863
3,0.7164149284362793,0.6503750085830688,0.7061972618103027,0.6432499885559082,0.7239521145820618,0.6542500257492065,0.6695701479911804,0.6301249861717224,151,0.6254226565361023,0.6445000171661377
4,0.764094889163971,0.7615000009536743,0.7316645979881287,0.7319999933242798,0.7397294044494629,0.7354999780654907,0.5686413049697876,0.6186249852180481,201,0.5514991283416748,0.7119062542915344
5,0.7558624148368835,0.7878749966621399,0.6849315166473389,0.7383750081062317,0.7027667164802551,0.7488750219345093,0.4823686480522156,0.6110000014305115,251,0.5512175559997559,0.7215312719345093
6,0.7840771675109863,0.7986249923706055,0.7291810512542725,0.7548750042915344,0.7390061020851135,0.7603750228881836,0.531898558139801,0.6193749904632568,301,0.5234315395355225,0.7333124876022339
7,0.7889126539230347,0.7896249890327454,0.753729522228241,0.7482500076293945,0.759844958782196,0.7598749995231628,0.584517776966095,0.6236249804496765,351,0.5270355939865112,0.730343759059906
8,0.7996277809143066,0.8116250038146973,0.7525523900985718,0.7697499990463257,0.7629271149635315,0.7736250162124634,0.5371951460838318,0.6205000281333923,401,0.5025158524513245,0.7438750267028809
9,0.8049584031105042,0.8151249885559082,0.7597928643226624,0.7738749980926514,0.7695332765579224,0.7802500128746033,0.4819605350494385,0.6194999814033508,451,0.5069671869277954,0.7471874952316284
10,0.8066544532775879,0.815500020980835,0.7617135047912598,0.7774999737739563,0.7771233916282654,0.7871249914169312,0.47895553708076477,0.6208750009536743,501,0.49153250455856323,0.750249981880188
11,0.7961843609809875,0.8103749752044678,0.7536734938621521,0.7695000171661377,0.7646743059158325,0.7804999947547913,0.7453214526176453,0.7261250019073486,551,0.48628881573677063,0.7716249823570251
12,0.7960898280143738,0.8148750066757202,0.7449654340744019,0.7736250162124634,0.7536801099777222,0.7803750038146973,0.5262636542320251,0.6414999961853027,601,0.4788477122783661,0.7525937557220459
13,0.8077644109725952,0.8205000162124634,0.7579408288002014,0.7789999842643738,0.7702813148498535,0.7897499799728394,0.7632757425308228,0.7553750276565552,651,0.46826860308647156,0.7861562371253967
14,0.8143696784973145,0.8184999823570251,0.7673866748809814,0.7792500257492065,0.7863913774490356,0.7943750023841858,0.5415778160095215,0.6506249904632568,701,0.46687132120132446,0.7606874704360962
15,0.8130792379379272,0.8184999823570251,0.771406352519989,0.7797499895095825,0.7919007539749146,0.8008750081062317,0.7301046848297119,0.7422500252723694,751,0.4508589208126068,0.7853437662124634
16,0.8059348464012146,0.8152499794960022,0.7552105188369751,0.7753750085830688,0.7797523140907288,0.7954999804496765,0.6765494346618652,0.7136250138282776,801,0.4517800807952881,0.7749375104904175
17,0.8096123337745667,0.8207499980926514,0.7614006996154785,0.7802500128746033,0.784546434879303,0.7957500219345093,0.7154026627540588,0.7269999980926514,851,0.4500250220298767,0.7809374928474426
18,0.8114942908287048,0.815500020980835,0.7781989574432373,0.7878749966621399,0.7962774038314819,0.8002499938011169,0.7317137718200684,0.7459999918937683,901,0.44248783588409424,0.7874062657356262
19,0.7730578780174255,0.8050000071525574,0.7056861519813538,0.7573750019073486,0.7288262844085693,0.7738749980926514,0.770038366317749,0.7754999995231628,951,0.455586314201355,0.7779374718666077
20,0.7118164896965027,0.7707499861717224,0.6300692558288574,0.7195000052452087,0.6428455114364624,0.7263749837875366,0.7635258436203003,0.7568749785423279,1001,0.5214048624038696,0.7433750033378601
21,0.8124173283576965,0.8051249980926514,0.7865277528762817,0.7797499895095825,0.8165257573127747,0.8073750138282776,0.8022742867469788,0.7870000004768372,1051,0.4444734454154968,0.7948125004768372
22,0.7630177736282349,0.7997499704360962,0.713813841342926,0.7617499828338623,0.7428655028343201,0.7803750038146973,0.7901561260223389,0.781499981880188,1101,0.46108368039131165,0.7808437347412109
23,0.8155630230903625,0.8151249885559082,0.7837770581245422,0.7827500104904175,0.8104365468025208,0.8083750009536743,0.7757954001426697,0.7753750085830688,1151,0.42780688405036926,0.7954062223434448
24,0.7976862788200378,0.8163750171661377,0.7602825164794922,0.7836250066757202,0.7874036431312561,0.8033750057220459,0.7795445919036865,0.7833750247955322,1201,0.4212821125984192,0.7966874837875366
25,0.798224925994873,0.8181250095367432,0.7518413662910461,0.781000018119812,0.7791993021965027,0.7993749976158142,0.7382797598838806,0.7508749961853027,1251,0.42903947830200195,0.7873437404632568
26,0.8023774027824402,0.8171250224113464,0.7652531266212463,0.7854999899864197,0.7881091237068176,0.8048750162124634,0.7624428868293762,0.7792500257492065,1301,0.418014794588089,0.7966874837875366
27,0.8023678064346313,0.8163750171661377,0.7641341686248779,0.7846249938011169,0.7895163893699646,0.8052499890327454,0.8046413064002991,0.793749988079071,1351,0.4151376783847809,0.800000011920929
28,0.767859697341919,0.8013749718666077,0.7054711580276489,0.7577499747276306,0.7510098218917847,0.784250020980835,0.8072804808616638,0.7975000143051147,1401,0.44590461254119873,0.7852187752723694
29,0.797627329826355,0.8166249990463257,0.7587743997573853,0.7835000157356262,0.7877618074417114,0.8075000047683716,0.7987357378005981,0.8009999990463257,1451,0.40946343541145325,0.8021562695503235
30,0.8157503008842468,0.8140000104904175,0.7886219024658203,0.784500002861023,0.8292977809906006,0.8237500190734863,0.8186563849449158,0.8046249747276306,1501,0.41196495294570923,0.8067187666893005
31,0.7931419014930725,0.8144999742507935,0.7458303570747375,0.7771250009536743,0.7922042012214661,0.8107500076293945,0.8147145509719849,0.8117499947547913,1551,0.4094700813293457,0.8035312294960022
32,0.8052328824996948,0.8176249861717224,0.7632189989089966,0.7833750247955322,0.7997311949729919,0.8137500286102295,0.8139534592628479,0.8159999847412109,1601,0.4015756845474243,0.807687520980835
33,0.8139592409133911,0.812749981880188,0.7879853844642639,0.7891250252723694,0.8244311809539795,0.8196250200271606,0.8094762563705444,0.8090000152587891,1651,0.4232962429523468,0.8076249957084656
34,0.8153176307678223,0.8197500109672546,0.786395251750946,0.7927500009536743,0.8291336894035339,0.8296250104904175,0.8131076693534851,0.8053749799728394,1701,0.3957672119140625,0.8118749856948853
35,0.8141414523124695,0.8159999847412109,0.7890188097953796,0.7925000190734863,0.8300946354866028,0.8295000195503235,0.8010877966880798,0.8080000281333923,1751,0.3943215608596802,0.8115000128746033
36,0.7962962985038757,0.8184999823570251,0.7476500868797302,0.7818750143051147,0.7921633124351501,0.8103749752044678,0.8282780051231384,0.8159999847412109,1801,0.4039830267429352,0.8066874742507935
37,0.7994088530540466,0.8133749961853027,0.770366370677948,0.7861250042915344,0.8158892393112183,0.8238750100135803,0.8126801252365112,0.8131250143051147,1851,0.3968372941017151,0.8091250061988831
38,0.8049076199531555,0.8191249966621399,0.7771124839782715,0.7906249761581421,0.8169200420379639,0.8268749713897705,0.8187367916107178,0.8181250095367432,1901,0.39378613233566284,0.8136875033378601
39,0.8116639256477356,0.8240000009536743,0.78086918592453,0.7932500243186951,0.8300293684005737,0.8338750004768372,0.8331323862075806,0.8270000219345093,1951,0.38850778341293335,0.819531261920929
40,0.8192984461784363,0.8216249942779541,0.793207585811615,0.7944999933242798,0.843598484992981,0.8387500047683716,0.8320000171661377,0.8293750286102295,2001,0.38607197999954224,0.8210625052452087
41,0.8049044013023376,0.8190000057220459,0.7794455289840698,0.7961249947547913,0.8267152309417725,0.8336250185966492,0.8346823453903198,0.8314999938011169,2051,0.3804393708705902,0.820062518119812
42,0.8187971711158752,0.8226249814033508,0.793789267539978,0.7991250157356262,0.8369472026824951,0.8336250185966492,0.8447873592376709,0.8339999914169312,2101,0.38733524084091187,0.8223437666893005
43,0.8156381249427795,0.8196250200271606,0.7931602001190186,0.7958750128746033,0.8399950861930847,0.8383749723434448,0.8478837609291077,0.8351250290870667,2151,0.3821679353713989,0.8222500085830688
44,0.8086897730827332,0.8238750100135803,0.774531364440918,0.7954999804496765,0.8228556513786316,0.8337500095367432,0.8392376899719238,0.8355000019073486,2201,0.3771056830883026,0.8221562504768372
45,0.7933164834976196,0.8159999847412109,0.75893235206604,0.7866250276565552,0.8191345930099487,0.8317499756813049,0.8402180075645447,0.8351250290870667,2251,0.38555729389190674,0.8173750042915344
46,0.8150603175163269,0.8256250023841858,0.7781984806060791,0.7950000166893005,0.8357518911361694,0.8401250243186951,0.847445547580719,0.8387500047683716,2301,0.38034334778785706,0.824874997138977
47,0.795080840587616,0.8146250247955322,0.7509645223617554,0.7821249961853027,0.8215723037719727,0.8337500095367432,0.8448958992958069,0.843500018119812,2351,0.37888628244400024,0.8184999823570251
48,0.8164238929748535,0.8172500133514404,0.799543559551239,0.8023750185966492,0.8556776642799377,0.8522499799728394,0.8547546863555908,0.8501250147819519,2401,0.3700290322303772,0.8305000066757202
49,0.8179048895835876,0.828125,0.793348491191864,0.8073750138282776,0.8464668393135071,0.8443750143051147,0.8540552258491516,0.8396250009536743,2451,0.37639373540878296,0.8298749923706055
50,0.7812945246696472,0.8082500100135803,0.7441522479057312,0.7798749804496765,0.8067981004714966,0.8223749995231628,0.8546213507652283,0.8476250171661377,2501,0.39745277166366577,0.8145312666893005
51,0.8250289559364319,0.8301249742507935,0.7969338297843933,0.8046249747276306,0.8601991534233093,0.8578749895095825,0.8577835559844971,0.8493750095367432,2551,0.3685241639614105,0.8355000019073486
52,0.7973124384880066,0.8190000057220459,0.7609370946884155,0.7882500290870667,0.8213030099868774,0.8347499966621399,0.8195679187774658,0.8224999904632568,2601,0.3845936954021454,0.8161249756813049
53,0.8243601322174072,0.8258749842643738,0.8043208122253418,0.8029999732971191,0.867472767829895,0.8629999756813049,0.8464280962944031,0.843874990940094,2651,0.36608612537384033,0.8339375257492065
54,0.8216447830200195,0.8232499957084656,0.7993032336235046,0.7983750104904175,0.8617483377456665,0.8606250286102295,0.8393523693084717,0.8387500047683716,2701,0.36583203077316284,0.8302500247955322
55,0.821566104888916,0.8262500166893005,0.7936425805091858,0.8003749847412109,0.8573586940765381,0.8583750128746033,0.8210282325744629,0.8263750076293945,2751,0.3651907742023468,0.8278437256813049
56,0.828678548336029,0.8228750228881836,0.8111217617988586,0.8029999732971191,0.8773618340492249,0.8693749904632568,0.8376370072364807,0.8388749957084656,2801,0.36089617013931274,0.8335312604904175
57,0.8151360154151917,0.8241249918937683,0.7856675982475281,0.7951250076293945,0.8383945822715759,0.847000002861023,0.8476107120513916,0.8481249809265137,2851,0.3549407422542572,0.8285937309265137
58,0.8207309246063232,0.831375002861023,0.7946082949638367,0.8076249957084656,0.8499999642372131,0.8567500114440918,0.8537013530731201,0.8542500138282776,2901,0.3469259738922119,0.8374999761581421
59,0.819245457649231,0.828125,0.7914308905601501,0.8065000176429749,0.868044912815094,0.8707500100135803,0.8591408729553223,0.859000027179718,2951,0.34082525968551636,0.8410937786102295
60,0.8268774747848511,0.8357499837875366,0.8022763133049011,0.8132500052452087,0.8822504281997681,0.8817499876022339,0.8701330423355103,0.8657500147819519,3001,0.33552002906799316,0.8491250276565552
61,0.814238965511322,0.8297500014305115,0.7827903032302856,0.8050000071525574,0.8697342276573181,0.8743749856948853,0.8587982654571533,0.8598750233650208,3051,0.3429901897907257,0.8422499895095825
62,0.8105234503746033,0.8262500166893005,0.7703598737716675,0.796625018119812,0.8569925427436829,0.8641250133514404,0.8653030395507812,0.8650000095367432,3101,0.3428548574447632,0.8379999995231628
63,0.8277143836021423,0.8377500176429749,0.8043537139892578,0.8180000185966492,0.8880964517593384,0.8862500190734863,0.8780193328857422,0.8737499713897705,3151,0.32236000895500183,0.8539375066757202
64,0.8390745520591736,0.843500018119812,0.8196335434913635,0.827750027179718,0.8952217102050781,0.8933749794960022,0.8817412257194519,0.8777499794960022,3201,0.3111268877983093,0.8605937361717224
65,0.8446886539459229,0.8410000205039978,0.8350617289543152,0.8330000042915344,0.8919298648834229,0.8845000267028809,0.8884535431861877,0.8790000081062317,3251,0.31500697135925293,0.859375
66,0.8426735401153564,0.847000002861023,0.8202130794525146,0.8270000219345093,0.8851562142372131,0.8846250176429749,0.8670886158943176,0.8687499761581421,3301,0.30904391407966614,0.8568437695503235
67,0.8502169251441956,0.8532500267028809,0.8320679068565369,0.8368750214576721,0.8980937004089355,0.8917499780654907,0.8885600566864014,0.8776249885559082,3351,0.30858752131462097,0.8648750185966492
68,0.8513931632041931,0.8560000061988831,0.839932918548584,0.8448749780654907,0.9076034426689148,0.9039999842643738,0.886498212814331,0.8826249837875366,3401,0.286886990070343,0.871874988079071
69,0.8594008684158325,0.8621249794960022,0.8454002141952515,0.8481249809265137,0.9086561799049377,0.9045000076293945,0.8951985836029053,0.8865000009536743,3451,0.28479743003845215,0.8753125071525574
70,0.8533820509910583,0.8496249914169312,0.8403360843658447,0.8361250162124634,0.8807938694953918,0.8678749799728394,0.8671518564224243,0.8653749823570251,3501,0.3245519995689392,0.8547499775886536
71,0.8636303544044495,0.8701249957084656,0.8452003598213196,0.8532500267028809,0.9040928483009338,0.9018750190734863,0.8912454843521118,0.8794999718666077,3551,0.2836836576461792,0.8761875033378601
72,0.86085444688797,0.8701249957084656,0.8378487229347229,0.8496249914169312,0.8930245041847229,0.8972499966621399,0.8985784649848938,0.893875002861023,3601,0.2712896168231964,0.8777187466621399
73,0.8400765657424927,0.8537499904632568,0.8287699222564697,0.8428750038146973,0.9032913446426392,0.9048749804496765,0.9002915620803833,0.8931249976158142,3651,0.2773653566837311,0.8736562728881836
74,0.884334921836853,0.8849999904632568,0.8796482086181641,0.8802499771118164,0.9136435985565186,0.9116250276565552,0.9055321216583252,0.8992499709129333,3701,0.2507951855659485,0.8940312266349792
75,0.8943991661071777,0.8930000066757202,0.8819169998168945,0.8805000185966492,0.9128279685974121,0.9098749756813049,0.8962616324424744,0.8889999985694885,3751,0.2567707300186157,0.8930937647819519
76,0.8936222195625305,0.890749990940094,0.883795440196991,0.8821250200271606,0.9123637676239014,0.9075000286102295,0.8984401822090149,0.8901249766349792,3801,0.25409969687461853,0.8926249742507935
77,0.8892781734466553,0.8893749713897705,0.878976047039032,0.8806250095367432,0.916422963142395,0.9142500162124634,0.9050175547599792,0.8982499837875366,3851,0.2419702708721161,0.8956249952316284
78,0.8928923606872559,0.8914999961853027,0.8777499794960022,0.8777499794960022,0.9060385227203369,0.90625,0.9048604965209961,0.9023749828338623,3901,0.24697618186473846,0.8944687247276306
79,0.899449348449707,0.8949999809265137,0.897895336151123,0.893875002861023,0.9178147912025452,0.9150000214576721,0.9053190350532532,0.9018750190734863,3951,0.239241823554039,0.901437520980835
80,0.8949605226516724,0.8918750286102295,0.8878000974655151,0.8855000138282776,0.9211486577987671,0.9190000295639038,0.9084004163742065,0.9004999995231628,4001,0.24331362545490265,0.899218738079071
81,0.9003294110298157,0.8978750109672546,0.8959784507751465,0.893625020980835,0.9114668965339661,0.906000018119812,0.8980942368507385,0.8883749842643738,4051,0.24327895045280457,0.8964687585830688
82,0.8986719846725464,0.8970000147819519,0.8912590742111206,0.8891249895095825,0.9195122122764587,0.9175000190734863,0.9078900218009949,0.9041249752044678,4101,0.2318170964717865,0.9019374847412109
83,0.8972151279449463,0.8985000252723694,0.8929338455200195,0.8941249847412109,0.917161226272583,0.9162499904632568,0.9139088988304138,0.9118750095367432,4151,0.2246008813381195,0.9051874876022339
84,0.8866056799888611,0.8868749737739563,0.8836109638214111,0.8830000162124634,0.9117193818092346,0.9068750143051147,0.8981761336326599,0.8946250081062317,4201,0.24292819201946259,0.8928437232971191
85,0.8865329027175903,0.887624979019165,0.8820409178733826,0.8832499980926514,0.9140173196792603,0.9107499718666077,0.9114876985549927,0.906000018119812,4251,0.234325110912323,0.8969062566757202
86,0.8997806906700134,0.9028750061988831,0.890827476978302,0.893625020980835,0.9099319577217102,0.9123749732971191,0.9155482053756714,0.9111250042915344,4301,0.2249637395143509,0.9049999713897705
87,0.9119158983230591,0.9100000262260437,0.9075855016708374,0.9051250219345093,0.9230954647064209,0.9204999804496765,0.911996066570282,0.9104999899864197,4351,0.21065907180309296,0.9115312695503235
88,0.9112973809242249,0.9113749861717224,0.9071704149246216,0.906624972820282,0.926596462726593,0.925000011920929,0.915757954120636,0.9121249914169312,4401,0.20888644456863403,0.9137812256813049
89,0.9064822196960449,0.9087499976158142,0.8943318724632263,0.8970000147819519,0.9165613055229187,0.9175000190734863,0.9161213040351868,0.9118750095367432,4451,0.21360687911510468,0.9087812304496765
90,0.9002086520195007,0.8983749747276306,0.8873428702354431,0.8846250176429749,0.917331337928772,0.9183750152587891,0.9174023270606995,0.9146249890327454,4501,0.2249050885438919,0.9039999842643738
91,0.89943927526474,0.8991249799728394,0.8909751176834106,0.8911250233650208,0.9137189388275146,0.9097499847412109,0.8982370495796204,0.8953750133514404,4551,0.23433715105056763,0.8988437652587891
92,0.9004186391830444,0.9018750190734863,0.888860285282135,0.8920000195503235,0.9093005061149597,0.9114999771118164,0.9147529006004333,0.9113749861717224,4601,0.2232203632593155,0.9041875004768372
93,0.9162362813949585,0.9168750047683716,0.9068276286125183,0.9073749780654907,0.9267563819885254,0.9265000224113464,0.9190938472747803,0.9156249761581421,4651,0.19887183606624603,0.9165937304496765
94,0.9164055585861206,0.9166250228881836,0.906105101108551,0.906374990940094,0.9295143485069275,0.9292500019073486,0.9189778566360474,0.9163749814033508,4701,0.1971569061279297,0.9171562790870667
95,0.9147894382476807,0.9129999876022339,0.9176470041275024,0.9160000085830688,0.925499677658081,0.9231250286102295,0.9120593667030334,0.9111250042915344,4751,0.20635898411273956,0.9158124923706055
96,0.9122189879417419,0.9126250147819519,0.9081786274909973,0.9085000157356262,0.9246481657028198,0.9243749976158142,0.9156994223594666,0.9101250171661377,4801,0.20460571348667145,0.9139062762260437
97,0.9132716655731201,0.9132500290870667,0.9064174294471741,0.906125009059906,0.9288176894187927,0.9277499914169312,0.9171974658966064,0.9122499823570251,4851,0.2027537226676941,0.914843738079071
98,0.917667031288147,0.9151250123977661,0.9155372381210327,0.9127500057220459,0.9331556558609009,0.9309999942779541,0.9059807062149048,0.9072499871253967,4901,0.1996822953224182,0.9165312647819519
99,0.9131358861923218,0.9131249785423279,0.9145902991294861,0.9138749837875366,0.9264833927154541,0.9261249899864197,0.9218015074729919,0.9210000038146973,4951,0.19586795568466187,0.9185312390327454
100,0.9147992730140686,0.9111250042915344,0.9162454605102539,0.9129999876022339,0.9282559752464294,0.924875020980835,0.9175823926925659,0.9137499928474426,5001,0.20541387796401978,0.9156875014305115
101,0.9201586842536926,0.9194999933242798,0.9187191724777222,0.9175000190734863,0.9297968149185181,0.9278749823570251,0.9157017469406128,0.9089999794960022,5051,0.19725514948368073,0.9184687733650208
102,0.921863317489624,0.921999990940094,0.9159884452819824,0.9161249995231628,0.928411066532135,0.9282500147819519,0.9199952483177185,0.9156249761581421,5101,0.19118225574493408,0.9204999804496765
103,0.9203671813011169,0.9197499752044678,0.9205486178398132,0.9196249842643738,0.9375534653663635,0.9361249804496765,0.9284169673919678,0.9254999756813049,5151,0.18274590373039246,0.9252499938011169
104,0.9176852703094482,0.9175000190734863,0.9178133606910706,0.9171249866485596,0.9333495497703552,0.9316250085830688,0.9252907633781433,0.922124981880188,5201,0.18791119754314423,0.9220937490463257
105,0.9199399352073669,0.9200000166893005,0.9129627346992493,0.9121249914169312,0.9289991855621338,0.9273750185966492,0.9240553379058838,0.9223750233650208,5251,0.19486455619335175,0.9204687476158142
106,0.92290860414505,0.9207500219345093,0.9148389101028442,0.9131249785423279,0.93830806016922,0.937375009059906,0.9296116232872009,0.9275000095367432,5301,0.18759627640247345,0.9246875047683716
107,0.9148175120353699,0.9107499718666077,0.9149951934814453,0.9110000133514404,0.9307358860969543,0.9279999732971191,0.9089328050613403,0.9083750247955322,5351,0.20745901763439178,0.9145312309265137
108,0.9190772175788879,0.9171249866485596,0.9239382147789001,0.921875,0.9353135824203491,0.9341250061988831,0.9260300397872925,0.9243749976158142,5401,0.18731088936328888,0.9243749976158142
109,0.9161273837089539,0.9173750281333923,0.9037262201309204,0.9053750038146973,0.9366931915283203,0.9362499713897705,0.9283235669136047,0.925125002861023,5451,0.18961963057518005,0.9210312366485596
110,0.9216578602790833,0.9182500243186951,0.9213911294937134,0.9175000190734863,0.9348613023757935,0.9325000047683716,0.9185570478439331,0.9178749918937683,5501,0.1900385469198227,0.9215312600135803
111,0.9178597927093506,0.9182500243186951,0.9133818745613098,0.9137499928474426,0.9291039705276489,0.9298750162124634,0.9285367727279663,0.9262499809265137,5551,0.18972238898277283,0.9220312237739563
112,0.9269428849220276,0.9254999756813049,0.9233772158622742,0.921500027179718,0.9368084669113159,0.9357500076293945,0.9274470210075378,0.9233750104904175,5601,0.18246185779571533,0.9265312552452087
113,0.9235020875930786,0.9238749742507935,0.9217153191566467,0.921500027179718,0.9359949827194214,0.9358749985694885,0.92950838804245,0.9281250238418579,5651,0.17780670523643494,0.9273437261581421
114,0.9067684412002563,0.9114999771118164,0.9030065536499023,0.9072499871253967,0.9109066724777222,0.9152500033378601,0.920712947845459,0.9193750023841858,5701,0.2076791375875473,0.9133437275886536
115,0.9228846430778503,0.9228749871253967,0.9131364226341248,0.9136250019073486,0.9321585297584534,0.9326249957084656,0.9285800457000732,0.9256250262260437,5751,0.185627743601799,0.9236875176429749
116,0.9294030070304871,0.9287499785423279,0.9232863783836365,0.9225000143051147,0.9332181215286255,0.9323750138282776,0.9219313263893127,0.9161249995231628,5801,0.18591362237930298,0.9249374866485596
117,0.9216389060020447,0.9235000014305115,0.910602331161499,0.9126250147819519,0.9292723536491394,0.9306250214576721,0.9246746301651001,0.9211249947547913,5851,0.18871665000915527,0.9219687581062317
118,0.93011873960495,0.9286249876022339,0.9242202639579773,0.922249972820282,0.9397767782211304,0.9386249780654907,0.9307599663734436,0.9282500147819519,5901,0.17147141695022583,0.929437518119812
119,0.9311240315437317,0.9303749799728394,0.927518367767334,0.9262499809265137,0.9368447065353394,0.9352499842643738,0.9285972714424133,0.9258750081062317,5951,0.1730281412601471,0.929437518119812
120,0.9273810982704163,0.9253749847412109,0.9240995049476624,0.921500027179718,0.929438591003418,0.9266250133514404,0.9183030128479004,0.9157500267028809,6001,0.19043727219104767,0.9223124980926514
121,0.9360029101371765,0.9348750114440918,0.9270207285881042,0.9256250262260437,0.94179767370224,0.940750002861023,0.9313784837722778,0.9286249876022339,6051,0.16796095669269562,0.9324687719345093
122,0.9244944453239441,0.9211249947547913,0.9227088093757629,0.9192500114440918,0.9389376640319824,0.9366250038146973,0.9211761951446533,0.9202499985694885,6101,0.19193728268146515,0.9243124723434448
123,0.9257255792617798,0.9244999885559082,0.9191645979881287,0.9177500009536743,0.938450038433075,0.9382500052452087,0.9320341944694519,0.9293749928474426,6151,0.17685920000076294,0.9274687767028809
124,0.9302774667739868,0.9277499914169312,0.9278275370597839,0.9254999756813049,0.9415615797042847,0.9397500157356262,0.9223710298538208,0.921750009059906,6201,0.1786835938692093,0.9286875128746033
125,0.9153769016265869,0.9152500033378601,0.9092497825622559,0.9091249704360962,0.9362679719924927,0.9341250061988831,0.9254096150398254,0.9237499833106995,6251,0.1901523768901825,0.9205625057220459
126,0.9334481358528137,0.9323750138282776,0.9296086430549622,0.9284999966621399,0.9377041459083557,0.9356250166893005,0.9278967380523682,0.9246249794960022,6301,0.174177885055542,0.9302812218666077
127,0.9343433976173401,0.9317499995231628,0.9288963675498962,0.9257500171661377,0.9357357621192932,0.9331250190734863,0.9266602396965027,0.9232500195503235,6351,0.1771315634250641,0.9284687638282776
128,0.9290527701377869,0.9276250004768372,0.9261826872825623,0.9241250157356262,0.9424407482147217,0.9417499899864197,0.932725727558136,0.9298750162124634,6401,0.17197898030281067,0.9308437705039978
129,0.934840738773346,0.9330000281333923,0.9284766912460327,0.9258750081062317,0.9411622285842896,0.9394999742507935,0.9322835206985474,0.9301249980926514,6451,0.17200089991092682,0.9321249723434448
130,0.9362691044807434,0.9348750114440918,0.9335600137710571,0.9316250085830688,0.9425063729286194,0.9408749938011169,0.9297682046890259,0.9261249899864197,6501,0.1681564748287201,0.9333750009536743
131,0.9390379786491394,0.9383749961853027,0.9301869869232178,0.9286249876022339,0.9438394904136658,0.9426249861717224,0.928386390209198,0.9240000247955322,6551,0.16709215939044952,0.9334062337875366
132,0.9299938678741455,0.9283750057220459,0.9269894957542419,0.925000011920929,0.9294964671134949,0.9265000224113464,0.9191394448280334,0.9182500243186951,6601,0.18803279101848602,0.9245312213897705
133,0.9308223724365234,0.9311249852180481,0.9303191900253296,0.9298750162124634,0.9413376450538635,0.9411249756813049,0.931785523891449,0.9287499785423279,6651,0.16708645224571228,0.9327187538146973
134,0.9367275238037109,0.9353749752044678,0.9337554574012756,0.9319999814033508,0.9400631785392761,0.9382500052452087,0.9312830567359924,0.9284999966621399,6701,0.16561292111873627,0.9335312247276306
135,0.9352501034736633,0.9330000281333923,0.9320527911186218,0.9292500019073486,0.9409211277961731,0.9387500286102295,0.9278799891471863,0.9254999756813049,6751,0.17238721251487732,0.9316250085830688
136,0.9364688396453857,0.9355000257492065,0.9308983683586121,0.9300000071525574,0.9432951807975769,0.9417499899864197,0.9313032031059265,0.9283750057220459,6801,0.161634162068367,0.9339062571525574
137,0.9353172183036804,0.934249997138977,0.9339055418968201,0.9326249957084656,0.9419971108436584,0.940750002861023,0.9306718111038208,0.9275000095367432,6851,0.16535700857639313,0.9337812662124634
138,0.9269455671310425,0.9233750104904175,0.9266959428787231,0.9228749871253967,0.9413454532623291,0.9387500286102295,0.9275291562080383,0.924875020980835,6901,0.17944972217082977,0.9274687767028809
139,0.9361134767532349,0.9341250061988831,0.9308711290359497,0.9288750290870667,0.9438608884811401,0.9418749809265137,0.9293795824050903,0.9258750081062317,6951,0.1664624661207199,0.932687520980835
140,0.9344302415847778,0.9332500100135803,0.9316040873527527,0.9301249980926514,0.9443415999412537,0.9436249732971191,0.9353018403053284,0.9326249957084656,7001,0.16116711497306824,0.9349062442779541
141,0.9337748289108276,0.9325000047683716,0.9316602945327759,0.9298750162124634,0.9403440952301025,0.9388750195503235,0.9332534074783325,0.9303749799728394,7051,0.1690082848072052,0.9329062700271606
142,0.9287072420120239,0.925000011920929,0.9274641871452332,0.9233750104904175,0.9342073798179626,0.9309999942779541,0.9264795780181885,0.9243749976158142,7101,0.1862938106060028,0.9259374737739563
143,0.936761736869812,0.9357500076293945,0.9317848682403564,0.9302499890327454,0.9436100125312805,0.9427499771118164,0.9321888089179993,0.9308750033378601,7151,0.16294316947460175,0.9349062442779541
144,0.9347934722900391,0.934499979019165,0.932757556438446,0.9318749904632568,0.9460054039955139,0.9447500109672546,0.9336373209953308,0.9308750033378601,7201,0.16241244971752167,0.9355000257492065
145,0.9325122833251953,0.9328749775886536,0.9239062070846558,0.9241250157356262,0.9409888386726379,0.9398750066757202,0.9319735765457153,0.9291250109672546,7251,0.1670316606760025,0.9315000176429749
146,0.9356386065483093,0.9362499713897705,0.9305590987205505,0.9307500123977661,0.9405227899551392,0.9411249756813049,0.9291377663612366,0.9273750185966492,7301,0.16362927854061127,0.9338750243186951
147,0.9396604895591736,0.9391250014305115,0.9323808550834656,0.9313750267028809,0.939315915107727,0.9381250143051147,0.9274314641952515,0.9272500276565552,7351,0.1621570587158203,0.933968722820282
148,0.9324324727058411,0.9300000071525574,0.9257882237434387,0.9226250052452087,0.9428467154502869,0.9411249756813049,0.9288762807846069,0.925000011920929,7401,0.1737717241048813,0.9296875
149,0.9389051198959351,0.9375,0.9356285333633423,0.9336249828338623,0.9437218904495239,0.9421250224113464,0.9323930144309998,0.9304999709129333,7451,0.16175881028175354,0.9359375238418579
150,0.9386621713638306,0.9365000128746033,0.9354916214942932,0.9327499866485596,0.9414739608764648,0.9392499923706055,0.9310839772224426,0.9279999732971191,7501,0.1638772040605545,0.9341250061988831
151,0.9387104511260986,0.9375,0.9348331689834595,0.9333750009536743,0.9447717666625977,0.9437500238418579,0.9342026114463806,0.9318749904632568,7551,0.15903863310813904,0.9366250038146973
152,0.936244547367096,0.9361249804496765,0.9291142821311951,0.9288750290870667,0.9401409029960632,0.940500020980835,0.9351477026939392,0.9338750243186951,7601,0.1614818125963211,0.9348437786102295
153,0.9417803883552551,0.9418749809265137,0.9329497814178467,0.9330000281333923,0.9452499747276306,0.9452499747276306,0.9314591288566589,0.9311249852180481,7651,0.15397238731384277,0.9378125071525574
154,0.9404297471046448,0.9390000104904175,0.9365388751029968,0.9350000023841858,0.9468045830726624,0.9453750252723694,0.932911217212677,0.9311249852180481,7701,0.15498295426368713,0.937624990940094
155,0.9354798197746277,0.9358749985694885,0.9328498244285583,0.9328749775886536,0.9409722089767456,0.940500020980835,0.932288408279419,0.9308750033378601,7751,0.15775302052497864,0.9350312352180481
156,0.9384745359420776,0.9363750219345093,0.9336069822311401,0.9312499761581421,0.9423982501029968,0.9403749704360962,0.9321590065956116,0.9287499785423279,7801,0.1648934781551361,0.9341874718666077
157,0.9386103749275208,0.937375009059906,0.9353269934654236,0.9334999918937683,0.9424671530723572,0.9409999847412109,0.9336035251617432,0.9303749799728394,7851,0.15777814388275146,0.9355624914169312
158,0.9357593655586243,0.9351249933242798,0.935567319393158,0.9346250295639038,0.9383108615875244,0.9369999766349792,0.934221625328064,0.9321249723434448,7901,0.162078857421875,0.9347187280654907
159,0.9396159648895264,0.9402499794960022,0.9330669641494751,0.9330000281333923,0.9444164633750916,0.9447500109672546,0.9366022944450378,0.9359999895095825,7951,0.15346553921699524,0.9384999871253967
160,0.931841254234314,0.9330000281333923,0.9209927320480347,0.921999990940094,0.9361485242843628,0.937250018119812,0.9292322397232056,0.9263749718666077,8001,0.1734180599451065,0.9296562671661377
161,0.9411038756370544,0.9403749704360962,0.9386555552482605,0.937375009059906,0.9431273341178894,0.9421250224113464,0.9343863725662231,0.9325000047683716,8051,0.15105274319648743,0.9380937218666077
162,0.9425600171089172,0.9419999718666077,0.9349463582038879,0.9341250061988831,0.9469125270843506,0.9463750123977661,0.9187387824058533,0.9207500219345093,8101,0.15569168329238892,0.9358124732971191
163,0.9430027008056641,0.9412500262260437,0.9372667074203491,0.9348750114440918,0.9459751844406128,0.9438750147819519,0.9297619462013245,0.9262499809265137,8151,0.15941762924194336,0.9365624785423279
164,0.9415322542190552,0.9419999718666077,0.9300050139427185,0.9302499890327454,0.9474595189094543,0.9468749761581421,0.934152364730835,0.9330000281333923,8201,0.15359607338905334,0.9380312561988831
165,0.9334766268730164,0.9303749799728394,0.9307049512863159,0.9275000095367432,0.9342027306556702,0.9306250214576721,0.9256401658058167,0.9241250157356262,8251,0.17654341459274292,0.9281562566757202
166,0.938498318195343,0.9388750195503235,0.9312129020690918,0.9318749904632568,0.9453449249267578,0.9456250071525574,0.9354081153869629,0.9346250295639038,8301,0.1544395089149475,0.937749981880188
167,0.9404222965240479,0.940750002861023,0.9326658844947815,0.9327499866485596,0.9413545727729797,0.9418749809265137,0.9335789084434509,0.9323750138282776,8351,0.15478652715682983,0.9369375109672546
168,0.9418774843215942,0.9402499794960022,0.9376739859580994,0.9356250166893005,0.9487147927284241,0.9473749995231628,0.934787929058075,0.9327499866485596,8401,0.15234677493572235,0.9390000104904175
169,0.9447605013847351,0.9453750252723694,0.9361809492111206,0.9365000128746033,0.9464128017425537,0.9468749761581421,0.9386510252952576,0.937125027179718,8451,0.14805838465690613,0.9414687752723694
170,0.9390244483947754,0.9375,0.9345317482948303,0.9326249957084656,0.9499938488006592,0.9491249918937683,0.9316330552101135,0.9276250004768372,8501,0.1580735445022583,0.936718761920929
171,0.944708526134491,0.9447500109672546,0.936138391494751,0.9358749985694885,0.9458031058311462,0.9448750019073486,0.9352793097496033,0.9323750138282776,8551,0.15178824961185455,0.9394687414169312
172,0.9419339299201965,0.9402499794960022,0.9384652376174927,0.9362499713897705,0.9452869296073914,0.9436249732971191,0.9316503405570984,0.9282500147819519,8601,0.15815399587154388,0.9370937347412109
173,0.9401146173477173,0.9386249780654907,0.9331878423690796,0.9311249852180481,0.9503788948059082,0.9492499828338623,0.9359190464019775,0.9334999918937683,8651,0.15090659260749817,0.9381250143051147
174,0.9449325799942017,0.9443749785423279,0.936560332775116,0.9351249933242798,0.9457213282585144,0.9445000290870667,0.9394160509109497,0.937749981880188,8701,0.14736837148666382,0.9404374957084656
175,0.9445626139640808,0.9446250200271606,0.9385489225387573,0.937749981880188,0.9466288685798645,0.9458749890327454,0.9339993000030518,0.9306250214576721,8751,0.1534239500761032,0.9397187232971191
176,0.9385489225387573,0.9391250014305115,0.9316537976264954,0.9315000176429749,0.9480812549591064,0.9482499957084656,0.9336876273155212,0.9313750267028809,8801,0.15643931925296783,0.9375625252723694
177,0.9444239139556885,0.9436249732971191,0.9399951100349426,0.9387500286102295,0.9482568502426147,0.9471250176429749,0.9347692728042603,0.9333750009536743,8851,0.14881673455238342,0.9407187700271606
178,0.9461317658424377,0.9461249709129333,0.9396039247512817,0.9390000104904175,0.9507260918617249,0.9503750205039978,0.9363224506378174,0.9332500100135803,8901,0.14643153548240662,0.942187488079071
179,0.9448140263557434,0.9440000057220459,0.9366127848625183,0.9352499842643738,0.9486990571022034,0.9477499723434448,0.9344497323036194,0.9315000176429749,8951,0.1524166613817215,0.9396250247955322
180,0.9355459809303284,0.9330000281333923,0.9289110898971558,0.9252499938011169,0.9375673532485962,0.9348750114440918,0.9247548580169678,0.9232500195503235,9001,0.1866176873445511,0.9290937781333923
181,0.9431860446929932,0.9426249861717224,0.9403664469718933,0.9393749833106995,0.951792299747467,0.9512500166893005,0.9363898038864136,0.9337499737739563,9051,0.14744111895561218,0.9417499899864197
182,0.9437785148620605,0.9431250095367432,0.9399804472923279,0.9387500286102295,0.9494278430938721,0.9486250281333923,0.9344262480735779,0.9340000152587891,9101,0.14884983003139496,0.9411249756813049
183,0.9336908459663391,0.9319999814033508,0.933819055557251,0.9318749904632568,0.9328177571296692,0.9304999709129333,0.9229251742362976,0.921875,9151,0.17336101830005646,0.9290624856948853
184,0.9442670941352844,0.9432500004768372,0.9429481029510498,0.9417499899864197,0.9523459076881409,0.9514999985694885,0.9355749487876892,0.934374988079071,9201,0.14322490990161896,0.9427187442779541
185,0.9464019536972046,0.9459999799728394,0.940397322177887,0.9392499923706055,0.9492655396461487,0.9486250281333923,0.9381684064865112,0.937125027179718,9251,0.14362604916095734,0.9427499771118164
186,0.9482758045196533,0.9474999904632568,0.9398120045661926,0.9383749961853027,0.9500305652618408,0.9488750100135803,0.9374389052391052,0.9359999895095825,9301,0.14411616325378418,0.9426875114440918
187,0.9383520483970642,0.9361249804496765,0.9341820478439331,0.9315000176429749,0.9390844106674194,0.9366250038146973,0.9345546364784241,0.9321249723434448,9351,0.1686088591814041,0.9340937733650208
188,0.93531334400177,0.9357500076293945,0.9289384484291077,0.9291250109672546,0.9450548887252808,0.9456250071525574,0.9356945157051086,0.9359999895095825,9401,0.15895304083824158,0.9366250038146973
189,0.9462338089942932,0.9457499980926514,0.9396498203277588,0.9383749961853027,0.9471100568771362,0.9461249709129333,0.9357686042785645,0.934499979019165,9451,0.14707045257091522,0.9411875009536743
190,0.9391658902168274,0.9403749704360962,0.9330469965934753,0.9337499737739563,0.9435677528381348,0.9441249966621399,0.928835391998291,0.9253749847412109,9501,0.1598328948020935,0.9359062314033508
191,0.9483075141906738,0.9471250176429749,0.9441821575164795,0.9423750042915344,0.9498181343078613,0.9482499957084656,0.9363378286361694,0.9353749752044678,9551,0.1421203911304474,0.9432812333106995
192,0.9519780874252319,0.9517499804496765,0.942305326461792,0.9413750171661377,0.9536750912666321,0.953125,0.9373747706413269,0.9375,9601,0.1371810883283615,0.9459375143051147
193,0.9375888109207153,0.9396250247955322,0.9291378259658813,0.9307500123977661,0.9457087516784668,0.9466249942779541,0.9362516403198242,0.9333750009536743,9651,0.15651942789554596,0.9375937581062317
194,0.9382684826850891,0.9391250014305115,0.9302618503570557,0.9307500123977661,0.9442530870437622,0.9453750252723694,0.9355307817459106,0.9334999918937683,9701,0.1589057892560959,0.9371874928474426
195,0.9382182955741882,0.9355000257492065,0.9313085675239563,0.9276250004768372,0.9370396733283997,0.9337499737739563,0.9238489866256714,0.9241250157356262,9751,0.17382095754146576,0.9302499890327454
196,0.9456329941749573,0.9459999799728394,0.9382777810096741,0.9386249780654907,0.9513837099075317,0.9512500166893005,0.9388598203659058,0.937125027179718,9801,0.14082281291484833,0.9432500004768372
197,0.9453963041305542,0.9446250200271606,0.9429407119750977,0.9415000081062317,0.951291561126709,0.9505000114440918,0.938947319984436,0.9383749961853027,9851,0.1433875858783722,0.9437500238418579
198,0.9456400871276855,0.9453750252723694,0.9415103793144226,0.940750002861023,0.9496133923530579,0.9495000243186951,0.9400462508201599,0.9383749961853027,9901,0.139851376414299,0.9434999823570251
199,0.9424323439598083,0.9433749914169312,0.9342918395996094,0.9348750114440918,0.9501364827156067,0.9497500061988831,0.9390602111816406,0.937749981880188,9951,0.140865758061409,0.9414374828338623
200,0.9500563740730286,0.950124979019165,0.9414096474647522,0.9408749938011169,0.9517982006072998,0.9517499804496765,0.9408854842185974,0.9402499794960022,10001,0.13753581047058105,0.9457499980926514
201,0.9454500675201416,0.9446250200271606,0.943575918674469,0.9422500133514404,0.948006272315979,0.9463750123977661,0.9357601404190063,0.9325000047683716,10051,0.14938049018383026,0.9414374828338623
202,0.9491357207298279,0.9488750100135803,0.9427378177642822,0.9417499899864197,0.9494549036026001,0.9490000009536743,0.9389051198959351,0.9375,10101,0.1424103081226349,0.9442812204360962
203,0.9509171843528748,0.9505000114440918,0.9434564113616943,0.9423750042915344,0.9531422853469849,0.9523749947547913,0.9409453868865967,0.9398750066757202,10151,0.13623394072055817,0.9462812542915344
204,0.9465161561965942,0.9455000162124634,0.9422750473022461,0.940500020980835,0.9484660625457764,0.9468749761581421,0.9406216144561768,0.9386249780654907,10201,0.14718136191368103,0.9428750276565552
205,0.9436790347099304,0.9417499899864197,0.9400335550308228,0.9375,0.9514798521995544,0.949999988079071,0.9369586706161499,0.934499979019165,10251,0.14729171991348267,0.9409375190734863
206,0.9511625170707703,0.9503750205039978,0.9436360597610474,0.9423750042915344,0.9542323350906372,0.953499972820282,0.9406107068061829,0.9382500052452087,10301,0.1346627175807953,0.9461249709129333
207,0.9509443640708923,0.949999988079071,0.9430102109909058,0.9415000081062317,0.9464980363845825,0.9449999928474426,0.9269598126411438,0.9283750057220459,10351,0.14754745364189148,0.9412187337875366
208,0.9464263319969177,0.9453750252723694,0.9409759640693665,0.9393749833106995,0.9528128504753113,0.9518749713897705,0.9337912797927856,0.9301249980926514,10401,0.1461918205022812,0.9416875243186951
209,0.952088475227356,0.9512500166893005,0.9441661238670349,0.9428750276565552,0.9537149667739868,0.9524999856948853,0.9405691027641296,0.9381250143051147,10451,0.13830327987670898,0.9461874961853027
210,0.9473422169685364,0.9471250176429749,0.9385682344436646,0.9380000233650208,0.9506681561470032,0.9506250023841858,0.9382896423339844,0.9365000128746033,10501,0.1411082148551941,0.9430624842643738
211,0.9446449875831604,0.9424999952316284,0.9429839849472046,0.940625011920929,0.9462933540344238,0.9441249966621399,0.9328330159187317,0.9328749775886536,10551,0.1522403210401535,0.9400312304496765
212,0.9486637711524963,0.9483749866485596,0.943396270275116,0.9426249861717224,0.9521322250366211,0.9518749713897705,0.9424495697021484,0.9415000081062317,10601,0.1391778588294983,0.946093738079071
213,0.9480327367782593,0.9474999904632568,0.9420878291130066,0.9411249756813049,0.9545119404792786,0.9537500143051147,0.9379658102989197,0.9355000257492065,10651,0.1421593427658081,0.9444687366485596
214,0.940777063369751,0.9411249756813049,0.9318862557411194,0.9317499995231628,0.9489254355430603,0.9495000243186951,0.9365485310554504,0.9348750114440918,10701,0.15000563859939575,0.9393125176429749
215,0.9503492712974548,0.9502500295639038,0.9440534114837646,0.9433749914169312,0.9537429213523865,0.953499972820282,0.9386908411979675,0.937250018119812,10751,0.13686254620552063,0.946093738079071
216,0.9492781162261963,0.9486250281333923,0.9426814317703247,0.9417499899864197,0.953913688659668,0.952750027179718,0.9382535815238953,0.9366250038146973,10801,0.14084145426750183,0.944937527179718
217,0.9491943120956421,0.9483749866485596,0.9456682205200195,0.9445000290870667,0.9520422220230103,0.9511250257492065,0.9388997554779053,0.937250018119812,10851,0.14104986190795898,0.9453125
218,0.949678361415863,0.950124979019165,0.9428214430809021,0.9427499771118164,0.9563052654266357,0.956125020980835,0.9433353543281555,0.9428750276565552,10901,0.1315913051366806,0.9479687213897705
219,0.9461106657981873,0.9447500109672546,0.9426982402801514,0.940750002861023,0.9489315152168274,0.9471250176429749,0.9347421526908875,0.934374988079071,10951,0.14632703363895416,0.9417499899864197
220,0.9480918049812317,0.9471250176429749,0.9392023682594299,0.9375,0.9550479054450989,0.9542499780654907,0.9374023675918579,0.9348750114440918,11001,0.1427728235721588,0.9434375166893005
221,0.9473284482955933,0.9480000138282776,0.9386780261993408,0.9390000104904175,0.9493238925933838,0.949874997138977,0.9394920468330383,0.9392499923706055,11051,0.14161160588264465,0.9440312385559082
222,0.9463667869567871,0.9457499980926514,0.9419260025024414,0.940750002861023,0.9483282566070557,0.9468749761581421,0.9360010027885437,0.9356250166893005,11101,0.14694508910179138,0.9422500133514404
223,0.9433596134185791,0.9416249990463257,0.9383281469345093,0.9359999895095825,0.953767716884613,0.9523749947547913,0.9413617849349976,0.9394999742507935,11151,0.14329974353313446,0.9423750042915344
224,0.9477832913398743,0.9470000267028809,0.9401146173477173,0.9386249780654907,0.9567885994911194,0.9559999704360962,0.9369882941246033,0.9365000128746033,11201,0.1399710774421692,0.944531261920929
